id,nama,status
1,ADMINISTRASI BISNIS PERKANTORAN MODERN,1
2,ADMINISTRASI PERKANTORAN INDONESIA,1
3,ADMINISTRASI PERKANTORAN NAWA WIDYA,1
4,ADMINISTRASI PROFESIONAL DAN SEKRETARIS INDONESIA (APSI),1
5,AGRIBISNIS AMBISSI,1
6,AK-TEKSTIL SOLO,1
7,AKPINDO-STEIN,1
8,AKUNTANSI HUMANIKA INVESTA,1
9,ALAT BERAT INDONESIA (ABI),1
10,ALAT KONSTRUKSI INDONESIA (ALKINDO),1
11,AMMAN,1
12,APLIKASI ASURANSI UMUM INDONESIA,1
13,APTAKINDO KONSTRUKSI MANDIRI,1
14,ASTEKINDO KONSTRUKSI MANDIRI,1
15,ATDA,1
16,ATM KONSTRUKSI,1
17,AWAK KAPAL MIGRAN,1
18,AWAK KAPAL PERIKANAN,1
19,BADAN SIBER DAN SANDI NEGARA,1
20,BALAI BESAR K3,1
21,"BALAI BESAR STANDARDISASI DAN PELAYANAN JASA INDUSTRI KULIT, KARET DAN PLASTIK (BBSPJIKKP)",1
22,BALAI DIKLAT INDUSTRI JAKARTA,1
23,BBPVP SEMARANG,1
24,BDI MAKASSAR,1
25,BINA SUMBER DAYA MANUSIA HANDAL PENGELOLAAN LIMBAH DAN SAMPAH (BINA DAYA ALAM),1
26,BISNIS EKONOMI KEUANGAN SYARIAH,1
27,BLK PADANG,1
28,BLK SAMARINDA,1
29,BLK SURABAYA,1
30,BPJS KETENAGAKERJAAN,1
31,BPVP BELITUNG,1
32,BPVP PANGKEP,1
33,BRIDGESTONE TIRE INDONESIA,1
34,BUDIDAYA KOPI BERKELANJUTAN,1
35,CERTIFICATION INSTITUTION OF NATIONAL INSTRUCTUR AND TRAINING OFFICER PROFESSION (LSP PELATINAS),1
36,COATING INDONESIA,1
37,COHESPA,1
38,DENTAL ASISTEN INDONESIA,1
39,DESAIN DIGITAL SINGHASARI,1
40,DHARMA MANDALA INTERNATIONAL,1
41,DIGITAL INFORMATIKA INDONESIA,1
42,DIGITAL MARKETING INDONESIA,1
43,DIGITAL TEKNOLOGI INFORMASI INDONESIA,1
44,DIGITAL TIK,1
45,ENERGI,1
46,ENERGI MANDIRI,1
47,ENERGI NASIONAL,1
48,ENERGI TERBARUKAN,1
49,ESQ,1
50,FASILITATOR INSTRUKTUR DAN TENAGA KEPELATIHAN,1
51,FOTOGRAFI INDONESIA,1
52,FURNITUR DAN KAYU OLAHAN (FURNIKO),1
53,GARMINDO PLUS,1
54,GATAKI KONSTRUKSI MANDIRI,1
55,GATENSI KARYA KONSTRUKSI,1
56,HALAL SYARIAH SALAM,1
57,HATA PRIMA MANDIRI,1
58,HOLDING BUMN FARMASI,1
59,HOTEL DAN PARIWISATA MEDAN,1
60,HOTEL INTERNATIONAL,1
61,HUBUNGAN INDUSTRIAL PANCASILA (HIP),1
62,HUBUNGAN MASYARAKAT GLOBAL,1
63,INDUSTRI LOGAM MESIN NASIONAL,1
64,INDUSTRI OTOMOTIF INDONESIA,1
65,INDUSTRI PUPUK INDONESIA (LSP-IPI),1
66,INFORMATIKA DIJITAL NUSANTARA,1
67,INFORMATIKA DWI WARNA,1
68,INSPEKTOR INDUSTRI MANUFAKTUR,1
69,INSPEKTUR MARITIM INDONESIA,1
70,INSTITUT SENI BUDAYA INDONESIA BANDUNG,1
71,INSTRUKTUR KOMPETEN NASIONAL,1
72,JAKARTA INTERNASIONAL HOTELS SCHOOL (JIHS),1
73,JAMINAN MUTU DAN KEAMANAN PANGAN,1
74,JASA SERTIFIKASI KOMPETENSI KONSTRUKSI INDONESIA,1
75,K3 NASIONAL,1
76,KADASTER INDONESIA,1
77,KEHUTANAN INDONESIA,1
78,KELAUTAN DAN PERIKANAN,1
79,KESEHATAN HEWAN,1
80,KESELAMATAN KESEHATAN KERJA,1
81,KEUANGAN JAGADHITA NUSANTARA,1
82,KEUANGAN SYARIAH,1
83,KEWIRAUSAHAAN TRIATMA MULYA,1
84,KLINING SERVIS INTERNASIONAL,1
85,KOMPETENSI KONSTRUKSI MANDIRI,1
86,KOMPETENSI PENUNJANG KONSTRUKSI MANDIRI,1
87,KOMUNITAS FARMASI INDONESIA,1
88,KONSELOR KELUARGA KREATIF,1
89,KONSTRUKSI ATAKNAS,1
90,KONSTRUKSI MANAJEMEN SOLID ABHINAYA,1
91,KONSTRUKSI PERTAPIN RAYA,1
92,KONSTRUKSI SEJAHTERA MANDIRI,1
93,KOPERASI,1
94,KOPERASI JASA KEUANGAN,1
95,KOPI INDONESIA,1
96,KREATIF DAYA INDONESIA,1
97,LALU LINTAS ANGKUTAN JALAN,1
98,LAS PROFESIONAL INDONESIA,1
99,LDP NUSANTARA TRAISSER,1
100,LEMBAGA SERTIFIKASI PROFESI DEWAN KOPERASI INDONESIA (LSP DEKOPIN),1
101,LEMBAGA SERTIFIKASI PROFESI (LSP) SMK BINA UTAMA KENDAL,1
102,LEMBAGA SERTIFIKASI PROFESI GOVERNANSI RISIKO KEPATUHAN (GRK),1
103,LEMBAGA SERTIFIKASI PROFESI HIMPUNAN AHLI TEKNIK HIDRAULIK INDONESIA,1
104,LEMBAGA SERTIFIKASI PROFESI HUKUM INDONESIA (LSP HI),1
105,LEMBAGA SERTIFIKASI PROFESI HUKUM KONTRAK INDONESIA (LSP HKI),1
106,LEMBAGA SERTIFIKASI PROFESI JASA PENGELOLA KEUANGAN PRATAMA ( PT LSP JPK PRATAMA ),1
107,LEMBAGA SERTIFIKASI PROFESI KESEHATAN LINGKUNGAN INDONESIA,1
108,LEMBAGA SERTIFIKASI PROFESI PALANG MERAH INDONESIA,1
109,LEMBAGA SERTIFIKASI PROFESI PERKEBUNAN DAN HORTIKULTURA INDONESIA,1
110,LEMBAGA SERTIFIKASI PROFESI PERUSAHAAN GAS NEGARA,1
111,LEMBAGA SERTIFIKASI PROFESI PT.STEEL PIPE INDUSTRY OF INDONESIA (LSP SPINDO),1
112,LEMBAGA SERTIFIKASI PROFESI PUSAT PENGEMBANGAN SDM PERHUBUNGAN LAUT,1
113,LEMBAGA SERTIFIKASI PROFESI PUSTAKAWAN,1
114,LEMBAGA SERTIFIKASI PROFESI SMK N 1 SAPTOSARI,1
115,LEMBAGA SERTIFIKASI PROFESI SMKN 2 LUBUKLINGGAU,1
116,LEMBAGA SERTIFIKASI PROFESI SMKN 2 SEMARANG,1
117,LEMBAGA SERTIFIKASI PROFESI SMKN 3 MADIUN,1
118,LEMBAGA SERTIFIKASI PROFESI UNIVERSITAS MUHAMMADIYAH YOGYAKARTA,1
119,LEMBAGA SERTIFIKASI PROFESIONAL PERBANKAN,1
120,LEMBAGA SERTIFIKASI PROFIESI SMK YAYASAN PHARMASI SEMARANG,1
121,LINGKUNGAN HIDUP & KEHUTANAN INDONESIA,1
122,LINGKUNGAN HIDUP - INKALINDO,1
123,LINGKUNGAN HIDUP ENVIROTAMA,1
124,LINGKUNGAN KEHUTANAN,1
125,LKP ANSHANA COACHING INDONESIA,1
126,LOGISTIK INDONESIA,1
127,LOGISTIK INSAN PRIMA,1
128,LONDON SCHOOL PUBLIC RELATIONS,1
129,LP3I,1
130,LPK BAKINGWORLD,1
131,LPK BALINDO PARADISO,1
132,LPK CITRA SERTIFIKASI MANDIRI,1
133,LPK DUA UTAMA JAYA,1
134,LPK HAMERTA SINAR SURYA,1
135,LPK INIXINDO,1
136,LPK INSIGHT INDONESIA,1
137,LPK MONARCH BALI,1
138,LPK PENGEMBANGAN ENERGI & MINERAL INDONESIA,1
139,LPK PROFESSIONAL PROJECT INSTITUTE,1
140,LPK PT. EDUKASI REKSA MANAJEMEN,1
141,LPK TEKNIK INDONESIA,1
142,LSP PERENCANAAN PEMBANGUNAN INDONESIA,1
143,LSP SMKN 2 DEPOK SLEMAN,1
144,LSP SMKN 3 BANDA ACEH,1
145,LSP - GEOLOGI PERTAMBANGAN PANAS BUMI (GPPB),1
146,LSP - P1 SMK MUHAMMADIYAH 2 BOJA KENDAL,1
147,LSP - P1 SMK N 2 PARIAMAN,1
148,LSP - P1 SMK WIWOROTOMO PURWOKERTO,1
149,LSP AA YKPN,1
150,LSP ADMINISTRASI PERKANTORAN,1
151,LSP ADMINISTRASI PERKANTORAN NUSANTARA,1
152,LSP ADMINISTRASI PROFESIONAL INDONESIA,1
153,LSP AFILIASI TENAGA INFRASTRUKTUR,1
154,LSP AGRO GLOBAL LESTARI,1
155,LSP AHS MANAJEMEN,1
156,LSP AINAKI (PT SERTIFIKASI ANIMASI KREATIF INDONESIA),1
157,LSP AIR MINUM INDONESIA,1
158,LSP AKADEMI KOMUNITAS INDUSTRI MANUFAKTUR BANTAENG (AK-MANUFAKTUR BANTAENG),1
159,LSP AKPAR NHI,1
160,LSP AKUNTANSI PROFESIONAL,1
161,LSP AKUNTANSI TRIATMA,1
162,LSP ALAS KAKI,1
163,LSP ALAT ANGKAT DAN ANGKUT INDONESIA,1
164,LSP ANIMASI SINEMATOGRAFI DESAIN DAN INFORMATIKA (LSP ANIMEDIA),1
165,LSP AP-NASIONAL,1
166,LSP APLIKASI ASURANSI DAN MANAJEMEN ASURANSI INDONESIA,1
167,LSP APMINDO,1
168,LSP AREA INDONESIA,1
169,LSP ARTHA DYAN INTERNATIONAL COLLEGE,1
170,LSP ASNAKES INDONESIA,1
171,LSP ASTRA,1
172,LSP ASTRA FINANCIAL,1
173,LSP ASURANSI SINAR MAS,1
174,LSP ATAKI KONSTRUKSI INDONESIA,1
175,LSP ATS SOROWAKO,1
176,LSP AUDITOR FORENSIK,1
177,LSP AUDITOR HUKUM INDONESIA,1
178,LSP AUDITOR INTERNAL,1
179,LSP AUDITOR TEKNOLOGI BPPT,1
180,LSP AVIASI SENTRAL INDONESIA,1
181,LSP BADAK LNG BONTANG,1
182,LSP BADAN AMIL ZAKAT NASIONAL,1
183,LSP BADAN PENGAWAS OBAT DAN MAKANAN,1
184,LSP BADAN SERTIFIKASI MANAJEMEN RISIKO,1
185,LSP BADAN WAKAF INDONESIA,1
186,LSP BAHANA KOMPETENSI KATIGA,1
187,LSP BALAI BESAR KERAJINAN DAN BATIK,1
188,LSP BALAI DIKLAT INDUSTRI PADANG,1
189,"LSP BALAI PELATIHAN SDM METROLOGI, MUTU DAN JASA PERDAGANGAN (BPMJP)",1
190,LSP BANDAR UDARA INDONESIA,1
191,LSP BARISTA INDONESIA,1
192,LSP BASARNAS,1
193,LSP BATIK,1
194,LSP BBPLK BANDUNG,1
195,LSP BBPLK BEKASI,1
196,LSP BBPPK DAN PKK,1
197,LSP BDI DENPASAR,1
198,LSP BDI SURABAYA,1
199,LSP BDI YOGYAKARTA,1
200,LSP BINA KONSTRUKSI NUSANTARA,1
201,LSP BINA MULTI PIPA INDONESIA,1
202,LSP BINAMUTU LINGKUNGAN KEHUTANAN,1
203,LSP BISNIS DIGITAL,1
204,LSP BLK AMBON,1
205,LSP BLK JOMBANG,1
206,LSP BLK KENDARI,1
207,LSP BLK LOMBOK TIMUR,1
208,LSP BLK MAKASSAR,1
209,LSP BLK SIDOARJO,1
210,LSP BLK SORONG,1
211,LSP BLPT YOGYAKARTA,1
212,LSP BLUE OCEAN,1
213,LSP BNN,1
214,LSP BNPB,1
215,LSP BPJS KESEHATAN,1
216,LSP BPPP BANYUWANGI,1
217,LSP BPPP MEDAN,1
218,LSP BPPTIK,1
219,LSP BPPTL,1
220,LSP BPSDM KEMENTRIAN PUPR,1
221,LSP BPSDM PROVINSI DKI JAKARTA,1
222,LSP BPVP BANDUNG BARAT,1
223,LSP BPVP BANYUWANGI,1
224,LSP BPVP TERNATE,1
225,LSP BRI,1
226,LSP BROKER PROPERTI INDONESIA,1
227,LSP BROKER PROPERTI NASIONAL,1
228,LSP BUMA (BUKIT MAKMUR MANDIRI UTAMA),1
229,LSP CAKRA WISATA INDONESIA,1
230,LSP CAREGIVER,1
231,LSP CLEANING SERVICE INDONESIA,1
232,LSP CLEANING SERVICE NUSANTARA,1
233,LSP COACH META UNGGUL,1
234,LSP CREW KAPAL PESIAR DAN KAPAL NIAGA INTERNASIONAL,1
235,LSP DAARUL QUR'AN,1
236,LSP DANA PENSIUN,1
237,LSP DEMO,1
238,LSP DENSO INDONESIA,1
239,LSP DOMPET DHUAFA,1
240,LSP EKOSISTEM MULTIMODA INDONESIA,1
241,LSP EKSPOR IMPOR INTERNASIONAL,1
242,LSP ELEKTRONIKA INDONESIA,1
243,LSP ELEKTRONIKA NASIONAL,1
244,LSP ELEKTROTEKNIKA,1
245,LSP ELESPE JAKI MANDHIRI,1
246,LSP ELIZABETH INTERNATIONAL,1
247,LSP ENGINEERING HOSPITALITY INDONESIA,1
248,LSP ENTREPRENEUR DIGITAL INDONESIA,1
249,LSP ENTREPRENEURSHIP CIPUTRA,1
250,LSP ESDM,1
251,LSP FTI UNISKA,1
252,LSP FURNICRAFT INDONESIA,1
253,LSP GARMENT,1
254,LSP GEO MINERAL BATUBARA DAN ENERGI,1
255,LSP GEOMATIKA,1
256,LSP GEOSPASIAL,1
257,LSP GEOTEKNIK INDONESIA,1
258,LSP GIZI INDONESIA,1
259,LSP HAKE (HIMPUNAN AHLI KONSERVASI ENERGI),1
260,LSP HATSINDO INDONESIA TEKNIK,1
261,LSP HCMI,1
262,LSP HIGIENE INDUSTRI,1
263,LSP HIPTASI MULTI KONSTRUKSI,1
264,LSP HOSPITALITY CAKRAWALA INDONESIA,1
265,LSP HOTEL DAN RESTORAN,1
266,LSP HUBUNGAN INDUSTRIAL INDONESIA APINDO,1
267,LSP HUKUM BISNIS INDONESIA (LSP HBI),1
268,LSP HUTAN INDONESIA,1
269,LSP HUTAN LESTARI MANDIRI PROFESI,1
270,LSP INDUSTRI MANUFAKTUR ALAT BERAT INDONESIA (LSP IMABI),1
271,LSP INFORMASI KOMUNIKASI,1
272,LSP INFORMATIKA,1
273,LSP INFORMATIKA INDONESIA (LSP INFINDO),1
274,LSP INFRASTRUKTUR JALAN DAN JEMBATAN INDONESIA,1
275,LSP INSAN RITEL INDONESIA,1
276,LSP INSTITUT BISNIS DAN TEKNOLOGI PELITA INDONESIA,1
277,LSP INSTRUKTUR DAN TENAGA PELATIHAN NASIONAL (LSP INNAS),1
278,LSP INSTRUKTUR KOMPETEN INDONESIA,1
279,LSP INSTRUKTUR KONSTRUKSI IALKI,1
280,LSP INTALA,1
281,LSP ISI YOGYAKARTA,1
282,LSP ITNY,1
283,LSP ITS,1
284,LSP JAMU AIR MANCUR,1
285,LSP JASA INTEGRASI MEDIATOR LEGAL YUSTISIA (LSP JIMLY),1
286,LSP JASA KONSTRUKSI INTAKINDO,1
287,LSP JASA RAHARJA,1
288,LSP JUSTITIA,1
289,LSP K3 INDONESIA,1
290,LSP K3 INDUSTRI BUANA LESTARI,1
291,LSP K3 KONSTRUKSI,1
292,LSP K3 MANDIRI,1
293,LSP KALBE FARMA,1
294,LSP KAPAL PESIAR HARAPAN MULYA,1
295,LSP KARATON NGAYOGYAKARTA HADININGRAT,1
296,LSP KATIGA BINA NUSA,1
297,LSP KATIGA LINGKUNGAN OSHE NUSANTARA,1
298,LSP KATIGA PASS,1
299,LSP KECANTIKAN,1
300,LSP KECANTIKAN ESCRINS,1
301,"LSP KEMENTERIAN DESA, PEMBANGUNAN DAERAH TERTINGGAL, DAN TRANSMIGRASI",1
302,LSP KEMENTERIAN SOSIAL RI,1
303,LSP KESEHATAN,1
304,LSP KESEHATAN OLAHRAGA (KESOR),1
305,LSP KETENAGAKERJAAN KABUPATEN BOGOR,1
306,LSP KEUANGAN KOPERASI INDONESIA,1
307,LSP KIMIA INDUSTRI,1
308,LSP KJK NASIONAL,1
309,LSP KLINING SERVIS,1
310,LSP KOMPETEN HIPNOTIS INDONESIA,1
311,LSP KOMUNIKASI DAN SIARAN INDONESIA (KOMSINDO),1
312,LSP KONIMEX,1
313,LSP KONSERVASI DAN JASA KELAUTAN,1
314,LSP KONSTRUKSI ASTTATINDO,1
315,LSP KONSULTAN MANAJEMEN KESEHATAN,1
316,LSP KOPERASI NUSANTARA,1
317,LSP KPK,1
318,LSP KREATOR FILM DAN TELEVISI INDONESIA,1
319,LSP LALINSA,1
320,"LSP LALU LINTAS ANGKUTAN SUNGAI, DANAU DAN PENYEBERANGAN (LLASDP) PALEMBANG",1
321,LSP LAUNDRY INDONESIA,1
322,LSP LDP PAMSI,1
323,LSP LEMBAGA ADMINISTRASI NEGARA,1
324,LSP LEMBAGA PENDIDIKAN PERKEBUNAN,1
325,LSP LINGKUNGAN HIDUP,1
326,LSP LINGKUNGAN HIDUP NASIONAL,1
327,LSP LINGKUNGAN HIDUP NUSANTARA,1
328,LSP LINGKUNGAN INDONESIA,1
329,LSP LKM CERTIF,1
330,LSP LKPP,1
331,LSP LOGAM DAN MESIN INDONESIA,1
332,LSP LPK AKBARINDO,1
333,LSP LPK BANGUN BHUANA,1
334,LSP LPK GLOBAL ULTIMA TALENTA,1
335,LSP LPK HOTEL AND CRUISE INTERNATIONAL (LSP LPK H.I),1
336,LSP LPK INSCINEMA,1
337,LSP LPK JAYA WISATA INTERNATINAL HOTEL SCHOOL,1
338,LSP LPK KAIGO LICENSE CENTER OSS,1
339,LSP LPK LENSA,1
340,LSP LPK PREINEXUS,1
341,LSP LPK PRESIDEN,1
342,LSP LPK PT HINO MOTORS SALES INDONESIA,1
343,LSP LPK PUSAT PEMBINAAN PELATIHAN DAN SERTIFIKASI MANDIRI,1
344,LSP LPK PUSPITA MARTHA,1
345,LSP LPK SANGKURIANG,1
346,LSP LPK SEKOLAH EKSPOR NASIONAL,1
347,LSP LPK TENAGA KERJA KONSTRUKSI,1
348,LSP LPK WIDI PRAKARSA TRAINING CONSULTING,1
349,LSP LPK-TIKOM,1
350,LSP MAHAWIRA,1
351,LSP MANAJEMEN BISNIS KEWIRAUSAHAAN MANDIRI,1
352,LSP MANAJEMEN DAN PENGEMBANGAN SUMBER DAYA MANUSIA (MPSDM),1
353,LSP MANAJEMEN KEUANGAN,1
354,LSP MANAJEMEN KEWIRAUSAHAAN PRIMA INDONESIA (MENPRINDO),1
355,LSP MANAJEMEN KOMUNIKASI,1
356,LSP MANAJEMEN KONSTRUKSI HAMKI,1
357,LSP MANAJEMEN KONSTRUKSI NUSANTARA,1
358,LSP MANAJEMEN PELAYANAN INDONESIA,1
359,LSP MANAJEMEN PENGELOLA LEMBAGA PELATIHAN DAN KURSUS INDONESIA (MAPELKINDO),1
360,LSP MANAJEMEN SUMBER DAYA MANUSIA PROFESIONAL,1
361,"LSP MANAJEMEN, BISNIS DAN KEWIRAUSAHAAN NUSANTARA (MENBISKA NUSANTARA)",1
362,LSP MARITIM INDONESIA,1
363,LSP MEBEL KRIYA INDONESIA,1
364,LSP MEDIA INFORMATIKA,1
365,LSP MEDIKA KDI PDUI,1
366,LSP MEKANIK INDONESIA,1
367,LSP MEKATRONIK KONSTRUKSI NUSANTARA,1
368,LSP MICROFINANCE INDONESIA,1
369,LSP MIGAS,1
370,LSP MIGAS MITRA PERKASA,1
371,LSP MIGRAN SAWIT INDONESIA,1
372,LSP MITRA ADIPERKASA,1
373,LSP MITRA WIRAUSAHA PRODUKTIF MERDEKA,1
374,LSP MKS,1
375,LSP MODE INDONESIA,1
376,LSP MSDM ANALITIK,1
377,LSP MSDM APINDO JAYA,1
378,LSP MSDM BALIASEAN INT',1
379,LSP MSDM CIPTA UNGGUL,1
380,LSP MSDM ILMA,1
381,LSP MSDM INDONESIA,1
382,LSP MSDM KOMPETEN INDONESIA,1
383,LSP MSDM TRANSFORMASI INDONESIA,1
384,LSP MSDM UNGGUL INDONESIA,1
385,LSP MSDM UNGGUL PERSADA,1
386,LSP MSDM UNIVERSAL SURABAYA,1
387,LSP MUSIK INDONESIA,1
388,LSP NORMA KETENAGAKERJAAN INDONESIA,1
389,LSP P-1 SMK NEGERI 1 MANADO,1
390,LSP P-1 SMK PGRI 1 TANGERANG,1
391,LSP P-1 SMK SUMPAH PEMUDA,1
392,LSP P-1 SMKN 1 CIBADAK,1
393,LSP P-1 SMKN 2 PINRANG,1
394,LSP P-1 SMKN1 RANGKASBITUNG,1
395,LSP P-1 UNIVERSITAS NAHDLATUL ULAMA BLITAR,1
396,LSP P-2 SEKURITI PP POLRI,1
397,LSP P1 ALAS KAKI BPIPI,1
398,LSP P1 BALAI DIKLAT INDUSTRI MEDAN,1
399,LSP P1 BP3IP,1
400,LSP P1 LPK GETI,1
401,LSP P1 POLINEMA,1
402,LSP P1 POLITEKNIK STTT BANDUNG,1
403,LSP P1 POLITEKNIK ATK YOGYAKARTA,1
404,LSP P1 POLITEKNIK ILMU PELAYARAN MAKASSAR,1
405,LSP P1 POLITEKNIK NEGERI CILACAP,1
406,LSP P1 POLITEKNIK NEGERI JEMBER,1
407,LSP P1 POLITEKNIK NEGERI KUPANG,1
408,LSP P1 POLITEKNIK PARIWISATA BALI,1
409,LSP P1 POLITEKNIK STMI JAKARTA,1
410,LSP P1 POLTEKPEL SORONG,1
411,LSP P1 PSSDM,1
412,LSP P1 PT BENEFITA INDONESIA,1
413,LSP P1 SMK AKP GALANG,1
414,LSP P1 SMK BHINA TUNAS BHAKTI JUWANA,1
415,LSP P1 SMK BUDI PERKASA BEKASI,1
416,LSP P1 SMK EKONOMIKA DEPOK,1
417,LSP P1 SMK GIRIPURO SUMPIUH,1
418,LSP P1 SMK KARYA TEKNOLOGI JATILAWANG,1
419,LSP P1 SMK KASATRIAN SOLO,1
420,LSP P1 SMK KATOLIK SANTO MIKAEL SURAKARTA,1
421,LSP P1 SMK KRISTEN HARAPAN RANTEPAO,1
422,LSP P1 SMK MAARIF NU 1 AJIBARANG,1
423,LSP P1 SMK MUHAMMADIYAH 03 SUKARAJA,1
424,LSP P1 SMK MUHAMMADIYAH 1 CILACAP,1
425,LSP P1 SMK MUHAMMADIYAH 3 WELERI,1
426,LSP P1 SMK MUHAMMADIYAH BUMIAYU,1
427,LSP P1 SMK MUHAMMADIYAH HAURGEULIS,1
428,LSP P1 SMK MUHAMMADIYAH KRAMAT,1
429,LSP P1 SMK N 1 WONOSARI,1
430,LSP P1 SMK N 2 BUKITTINGGI,1
431,LSP P1 SMK N 3 PURWOKERTO,1
432,LSP P1 SMK N 47 JAKARTA,1
433,LSP P1 SMK NEGERI 1 BOJONGGEDE,1
434,LSP P1 SMK NEGERI 1 BOJONGSARI,1
435,LSP P1 SMK NEGERI 1 BREBES,1
436,LSP P1 SMK NEGERI 1 BUKATEJA,1
437,LSP P1 SMK NEGERI 1 DARUL KAMAL,1
438,LSP P1 SMK NEGERI 1 GIANYAR,1
439,LSP P1 SMK NEGERI 1 INDRALAYA UTARA,1
440,LSP P1 SMK NEGERI 1 JEPARA,1
441,LSP P1 SMK NEGERI 1 JUWIRING,1
442,LSP P1 SMK NEGERI 1 KISARAN,1
443,LSP P1 SMK NEGERI 1 KLUNGKUNG,1
444,LSP P1 SMK NEGERI 1 KOTO BARU,1
445,LSP P1 SMK NEGERI 1 PADANG,1
446,LSP P1 SMK NEGERI 1 PASAMAN,1
447,LSP P1 SMK NEGERI 1 PATI,1
448,LSP P1 SMK NEGERI 1 REJOTANGAN,1
449,LSP P1 SMK NEGERI 1 SUKAWATI,1
450,LSP P1 SMK NEGERI 1 TANJUNGPINANG,1
451,LSP P1 SMK NEGERI 1 YOGYAKARTA,1
452,LSP P1 SMK NEGERI 17 JAKARTA,1
453,LSP P1 SMK NEGERI 2 BALIGE,1
454,LSP P1 SMK NEGERI 2 SAMPIT,1
455,LSP P1 SMK NEGERI 3 KOTABUMI,1
456,LSP P1 SMK NEGERI 39 JAKARTA,1
457,LSP P1 SMK NEGERI 4 GARUT,1
458,LSP P1 SMK NEGERI 4 PALEMBANG,1
459,LSP P1 SMK NEGERI 5 PONTIANAK,1
460,LSP P1 SMK NEGERI 6 SEMARANG,1
461,LSP P1 SMK NEGERI JUMANTONO,1
462,LSP P1 SMK PANGUDI LUHUR MUNTILAN,1
463,LSP P1 SMK PELITA 1 CIAMPEA,1
464,LSP P1 SMK PGRI LUMAJANG,1
465,LSP P1 SMK PUTRA BANGSA,1
466,LSP P1 SMK SAKTI GEMOLONG,1
467,LSP P1 SMK SATRIA,1
468,LSP P1 SMK SWASTA PERSIAPAN,1
469,LSP P1 SMK SYUBBANUL WATHON,1
470,LSP P1 SMK TAMANSISWA BANJARNEGARA,1
471,LSP P1 SMK TAMTAMA KARANGANYAR,1
472,LSP P1 SMK TAMTAMA KROYA,1
473,LSP P1 SMK TARUNA TERPADU 1,1
474,LSP P1 SMK THERESIANA SEMARANG,1
475,LSP P1 SMK YAPENTOB TOBOALI,1
476,LSP P1 SMK YAPPENDA,1
477,LSP P1 SMK YAPPI WONOSARI,1
478,LSP P1 SMKN 1 ABUNG SELATAN,1
479,LSP P1 SMKN 1 BABELAN,1
480,LSP P1 SMKN 1 BULAKAMBA,1
481,LSP P1 SMKN 1 GODEAN,1
482,LSP P1 SMKN 1 KALIJAMBE,1
483,LSP P1 SMKN 1 KALIWUNGU,1
484,LSP P1 SMKN 1 KANDIS,1
485,LSP P1 SMKN 1 KEDUNGWUNI,1
486,LSP P1 SMKN 1 KUALA KAPUAS,1
487,LSP P1 SMKN 1 LUMAJANG,1
488,LSP P1 SMKN 1 MEJAYAN,1
489,LSP P1 SMKN 1 MURUNG PUDAK,1
490,LSP P1 SMKN 1 PABELAN,1
491,LSP P1 SMKN 1 PACITAN,1
492,LSP P1 SMKN 1 PANGKALAN BUN,1
493,LSP P1 SMKN 1 PANYABUNGAN,1
494,LSP P1 SMKN 1 SALATIGA,1
495,LSP P1 SMKN 1 SEKAYU,1
496,LSP P1 SMKN 1 SOREANG,1
497,LSP P1 SMKN 1 SUMARORONG,1
498,LSP P1 SMKN 1 TANJUNG RAYA,1
499,LSP P1 SMKN 2 PADANG,1
500,LSP P1 SMKN 2 SIJUNJUNG,1
501,LSP P1 SMKN 2 SIMPANG EMPAT,1
502,LSP P1 SMKN 2 SOE,1
503,LSP P1 SMKN 2 WONOSOBO,1
504,LSP P1 SMKN 27,1
505,LSP P1 SMKN 3 BALEENDAH,1
506,LSP P1 SMKN 3 GARUT,1
507,LSP P1 SMKN 3 YOGYAKARTA,1
508,LSP P1 SMKN 30 JAKARTA,1
509,LSP P1 SMKN 33 JAKARTA,1
510,LSP P1 SMKN 4 JEMBER,1
511,LSP P1 SMKN 4 KAB.TANGERANG,1
512,LSP P1 SMKN 4 MALANG,1
513,LSP P1 SMKN 40 JAKARTA,1
514,LSP P1 SMKN 5 BATAM,1
515,LSP P1 SMKN 6 KOTA BEKASI,1
516,LSP P1 SMKN 7 JAKARTA,1
517,LSP P1 SMKN 7 KAB. TANGERANG,1
518,LSP P1 SMKN 8 SURABAYA,1
519,LSP P1 SMKN REA TIMUR,1
520,LSP P1 SMKN1 PROBOLINGGO,1
521,LSP P1 SMKS BINA ISLAM MANDIRI KERSANA,1
522,LSP P1 SMKS FARMASI YAMASI MAKASSAR,1
523,LSP P1 STIE GANESHA,1
524,LSP P1 STIE MALANGKUCECWARA,1
525,LSP P1 STP TRISAKTI,1
526,LSP P1 STTD,1
527,LSP P1 UNIVERSITAS ALMA ATA,1
528,LSP P1 UNIVERSITAS IVET,1
529,LSP P1 UNIVERSITAS MUHAMMADIYAH METRO,1
530,LSP P1 UNIVERSITAS PGRI SEMARANG,1
531,LSP P1 UNPAS BANDUNG,1
532,LSP P1 UNTAG SURABAYA,1
533,LSP P1-SMAKBO,1
534,LSP P2 BBPPMPV BISNIS DAN PARIWISATA,1
535,LSP P2 BBPVP MEDAN,1
536,LSP P2 BLK BANDA ACEH,1
537,LSP P2 BPVP SURAKARTA,1
538,LSP P2 DINAS PENDIDIKAN PROVINSI SUMATERA BARAT,1
539,LSP P2 KEBUDAYAAN KEMENDIKBUD,1
540,LSP P2 MAARIF JATENG,1
541,LSP P2 PRODUKTIVITAS BBPP,1
542,LSP P2KPTK2 JAKARTA BARAT,1
543,LSP P2KPTK2 JAKARTA SELATAN,1
544,"LSP P3 EKONOMI, KEUANGAN DAN BISNIS ISLAM (EKBISI)",1
545,LSP P3 KLINING SERVIS DUTA INTERNASIONAL,1
546,LSP P3 TEKNOLOGI DIGITAL,1
547,LSP PAMA,1
548,LSP PAN BROTHERS,1
549,LSP PARIWISATA ANGING MAMMIRI,1
550,LSP PARIWISATA BALI INTERNASIONAL,1
551,LSP PARIWISATA BHATARA TUNAS PROFESIONAL,1
552,LSP PARIWISATA BINA KOMPETENSI,1
553,LSP PARIWISATA BUMI SEJAHTERA BANYUWANGI,1
554,LSP PARIWISATA BUNAKEN INDONESIA,1
555,LSP PARIWISATA CITRA INSAN,1
556,LSP PARIWISATA DAN KAPAL PESIAR JAKARTA,1
557,LSP PARIWISATA DIYAFA KENCANA INDONESIA,1
558,LSP PARIWISATA GLOBAL SPIRIT PERSADA,1
559,LSP PARIWISATA GUNADHARMA UTAMA,1
560,LSP PARIWISATA HOSPITALITI NASIONAL,1
561,LSP PARIWISATA INDO NUSA,1
562,LSP PARIWISATA INDONESIA,1
563,LSP PARIWISATA KOMODO FLORES,1
564,LSP PARIWISATA MAHAMU MANDIRI,1
565,LSP PARIWISATA MUTU PESONA INDONESIA,1
566,LSP PARIWISATA NASIONAL (PARNAS),1
567,LSP PARIWISATA NUSANTARA,1
568,LSP PARIWISATA PHURI NUSANTARA,1
569,LSP PARIWISATA SYARIAH INDONESIA,1
570,LSP PARIWISATA WIYATA NUSANTARA,1
571,LSP PASAR MODAL,1
572,LSP PASAR MODAL INDONESIA,1
573,LSP PD BERKAH BINTANG ABADI,1
574,LSP PD BINA BANGSA,1
575,LSP PD BINA MULIA,1
576,LSP PD CITRA INDONESIA,1
577,LSP PD PRISMA INDONESIA,1
578,LSP PEKERJA DOMESTIK BAKTI PERTIWI,1
579,LSP PEKERJA DOMESTIK KOMPETINDO,1
580,LSP PEKERJA DOMESTIK LINTAS BENUA,1
581,LSP PEKERJA DOMESTIK LUK PERDANA,1
582,LSP PEKERJA DOMESTIK TERAMPIL INDONESIA,1
583,LSP PEKERJA MIGRAN INDUSTRI KELAPA SAWIT,1
584,LSP PEKERJA MIGRAN INDUSTRI MANUFAKTUR,1
585,LSP PELABUHAN,1
586,LSP PELABUHAN INDONESIA,1
587,LSP PELAKU USAHA IKM PRESTASI,1
588,LSP PELATIH OLAHRAGA,1
589,LSP PELATIH SDM BANGUN NEGERI,1
590,LSP PELHINDO,1
591,LSP PEMBIAYAAN INDONESIA,1
592,LSP PENDIDIKAN DAN PEMBINAAN MANAJEMEN (PPM),1
593,LSP PENGADAAN INDONESIA,1
594,LSP PENGELOLAAN LINGKUNGAN INDONESIA (LSP LAGUNA),1
595,LSP PENGELOLAAN TATA LINGKUNGAN INDUSTRI INDONESIA (PETALINDO),1
596,LSP PENGENDALIAN PENCEMARAN LINGKUNGAN (LSP DAIMARU),1
597,LSP PENGOLAHAN KOPI,1
598,LSP PENJAMINAN,1
599,LSP PENTARA,1
600,LSP PENULIS DAN EDITOR PROFESIONAL,1
601,LSP PENYEHAT TRADISIONAL GUSMUS RAKSA JASAD,1
602,LSP PERASURANSIAN INDONESIA,1
603,LSP PERASURANSIAN SYARIAH,1
604,LSP PERDAGANGAN BERJANGKA KOMODITI,1
605,LSP PERDAGANGAN RITEL,1
606,LSP PERHAPI,1
607,LSP PERHUTANI,1
608,LSP PERIKLANAN INDONESIA,1
609,LSP PERKAPALAN,1
610,LSP PERKAPALAN NUSANTARA,1
611,LSP PERSEMENAN INDONESIA,1
612,LSP PERTAMBANGAN INDONESIA MANDIRI,1
613,LSP PERTAMBANGAN MINERAL BATUBARA DAN ENERGI,1
614,LSP PERTANI INDONESIA,1
615,LSP PERTANIAN KEMENTERIAN PERTANIAN,1
616,LSP PERTANIAN NASIONAL,1
617,LSP PERTANIAN NUSANTARA,1
618,LSP PHINISI,1
619,LSP POLIMEDIA,1
620,LSP POLITANI SAMARINDA,1
621,LSP POLITEKNIK AKA BOGOR,1
622,LSP POLITEKNIK AKAMIGAS PALEMBANG,1
623,LSP POLITEKNIK ATI MAKASSAR,1
624,LSP POLITEKNIK ATI PADANG,1
625,LSP POLITEKNIK ATMI SURAKARTA,1
626,LSP POLITEKNIK CALTEX RIAU,1
627,LSP POLITEKNIK LPP,1
628,LSP POLITEKNIK MANUFAKTUR BANDUNG,1
629,LSP POLITEKNIK NEGERI AMBON,1
630,LSP POLITEKNIK NEGERI BALI,1
631,LSP POLITEKNIK NEGERI BANJARMASIN,1
632,LSP POLITEKNIK NEGERI BANYUWANGI,1
633,LSP POLITEKNIK NEGERI BENGKALIS,1
634,LSP POLITEKNIK NEGERI INDRAMAYU,1
635,LSP POLITEKNIK NEGERI JAKARTA,1
636,LSP POLITEKNIK NEGERI MADIUN,1
637,LSP POLITEKNIK NEGERI MANADO,1
638,LSP POLITEKNIK NEGERI MEDAN,1
639,LSP POLITEKNIK NEGERI PADANG,1
640,LSP POLITEKNIK NEGERI PONTIANAK,1
641,LSP POLITEKNIK NEGERI SAMARINDA,1
642,LSP POLITEKNIK NEGERI TANAH LAUT,1
643,LSP POLITEKNIK NSC SURABAYA,1
644,LSP POLITEKNIK PARIWISATA MAKASSAR,1
645,LSP POLITEKNIK PENERBANGAN MEDAN,1
646,LSP POLITEKNIK POS INDONESIA,1
647,LSP POLITEKNIK PRATAMA MULIA,1
648,LSP POLITEKNIK SAHID,1
649,LSP POLITEKNIK STIA LAN BANDUNG,1
650,LSP POLITEKNIK STIA LAN MAKASSAR,1
651,LSP POLITEKNIK TEDC BANDUNG,1
652,LSP POLRI,1
653,LSP POLTEKPEL SURABAYA,1
654,LSP PPKPTKK JAKARTA TIMUR,1
655,LSP PPSDM MIGAS,1
656,LSP PRAMUWISATA INDONESIA (PRAMINDO),1
657,LSP PRO BRIN,1
658,LSP PRODUKTIVITAS,1
659,LSP PROFESIONAL MIGAS INDONESIA,1
660,LSP PSIKOLOGI INDONESIA,1
661,LSP PT PEGADAIAN,1
662,LSP PT PERTAMINA,1
663,LSP PUBLIK RELASI INDONESIA (D/H LSP PUBLIC RELATIONS INDONESIA),1
664,LSP PUBLIK RELATION NUSANTARA,1
665,LSP PUPUK KALTIM,1
666,LSP PUSAT PENDIDIKAN MAARIF JTM,1
667,LSP PUSDIKLAT KEKAYAAN NEGARA DAN PERIMBANGAN KEUANGAN,1
668,LSP PUSDIKLAT SDM LHK,1
669,LSP PUTRA PERKASA ABADI,1
670,LSP RAJAWALI HOSPITALITY NUSANTARA,1
671,LSP REAL ESTAT INDONESIA,1
672,LSP RITEL LUWES,1
673,LSP RPMM KATALIA,1
674,LSP SAINS DATA DAN KECERDASAN BUATAN INDONESIA,1
675,LSP SAKASAKTI,1
676,LSP SATPAM ABUJAPI,1
677,LSP SDM KONSTRUKSI INDONESIA,1
678,LSP SDM TIK,1
679,LSP SEKOLAH MENENGAH KEJURUAN SMTI PADANG,1
680,LSP SEKOLAH PERHOTELAN BALI,1
681,LSP SEKOLAH PERHOTELAN INTERNASIONAL,1
682,LSP SEKOLAH TINGGI PARIWISATA BOGOR,1
683,LSP SEKOLAH VOKASI UNDIP,1
684,LSP SEMEN INDONESIA GROUP ( LSP SIG ),1
685,LSP SERTIFIKASI KEAHLIAN BENDUNGAN BESAR INDONESIA (SKBBI),1
686,LSP SERTIFIKASI KONSTRUKSI TEKNIK IAKI,1
687,LSP SINERGI GLOBAL SERVIS,1
688,LSP SISTEM INFORMASI,1
689,LSP SKK MIGAS,1
690,LSP SMAK PADANG,1
691,LSP SMART HOSPITALITY SOLUTION,1
692,LSP SMK HASANAH PEKANBARU,1
693,LSP SMK 1 PANCASILA,1
694,LSP SMK 17 AGUSTUS 1945 CLURING,1
695,LSP SMK 2 PANCASILA JEMBER,1
696,LSP SMK 3 PERGURUAN CIKINI,1
697,LSP SMK 45 LEMBANG,1
698,LSP SMK AHMAD YANI PROBOLINGGO,1
699,LSP SMK AL HUDA KOTA KEDIRI,1
700,LSP SMK AL MUHADJIRIN 2,1
701,LSP SMK AL-AZHAR GRESIK,1
702,LSP SMK AL-HUDA SARIWANGI,1
703,LSP SMK AL-KAUTSAR KERTOSONO,1
704,LSP SMK AL-MUHTADIN,1
705,LSP SMK AL-WAFA,1
706,LSP SMK ANNISA BOGOR,1
707,LSP SMK AR-RAHMAH CIANJUR,1
708,LSP SMK AR-RIZQI BINA INSANI,1
709,LSP SMK ARRAHMAN DEPOK,1
710,LSP SMK AS-SHOFA,1
711,LSP SMK BANI MUSLIM PATI,1
712,LSP SMK BANI SALEH,1
713,LSP SMK BERLIAN NUSANTARA MAGETAN,1
714,LSP SMK BHAKTI KENCANA CIAMIS,1
715,LSP SMK BHAKTI MULIA PARE,1
716,LSP SMK BINA NUSA SLAWI,1
717,LSP SMK BINA PRESTASI,1
718,LSP SMK BINA TARUNA PURWAKARTA,1
719,LSP SMK BINAKARYA MANDIRI,1
720,LSP SMK BK SURAKARTA,1
721,LSP SMK BRANTAS KARANGKATES,1
722,LSP SMK BUNDA KANDUNG,1
723,LSP SMK CENGKARENG 1 JAKARTA,1
724,LSP SMK CERSA PASAMAN,1
725,LSP SMK CIJANGKAR,1
726,LSP SMK CIPTA KARYA PREMBUN,1
727,LSP SMK COKROAMINOTO 2 BANJARNEGARA,1
728,LSP SMK CYBER MEDIA,1
729,LSP SMK DAARUSSALAAM,1
730,LSP SMK DARUSSALAM KARANGPUCUNG,1
731,LSP SMK DAYA UTAMA KOTA BEKASI,1
732,LSP SMK DHARMA BAHARI SURABAYA,1
733,LSP SMK DINAMIKA PEMBANGUNAN 1 JAKARTA,1
734,LSP SMK DIPONEGORO LEBAKSIU,1
735,LSP SMK DIPONEGORO SIDOARJO,1
736,LSP SMK DR SUTOMO TEMANGGUNG,1
737,LSP SMK DR. SOETOMO SURABAYA,1
738,LSP SMK DWIJA BHAKTI 1 JOMBANG,1
739,LSP SMK EUNIKE,1
740,LSP SMK FADILAH,1
741,LSP SMK FARMASI SURABAYA,1
742,LSP SMK FARMASI TANGERANG 1,1
743,LSP SMK HKTI 2 PURWAREJA KLAMPOK,1
744,LSP SMK IPTEK JAKARTA,1
745,LSP SMK ISLAM 2 DURENAN,1
746,LSP SMK ISLAM AL HIKMAH,1
747,LSP SMK ISLAM ASSA'ADATUL ABADIYAH,1
748,LSP SMK ISLAM PB SOEDIRMAN 2 JAKARTA,1
749,LSP SMK ISLAMIYAH ADIWERNA,1
750,LSP SMK ISTEK TEGAL,1
751,LSP SMK IT NURUL QOLBI,1
752,LSP SMK KARTINI BATAM,1
753,LSP SMK KARYA BAHANA MANDIRI 1,1
754,LSP SMK KARYA BAHANA MANDIRI 2,1
755,LSP SMK KARYA GUNA BHAKTI 1 KOTA BEKASI,1
756,LSP SMK KARYA GUNA BHAKTI 2 KOTA BEKASI,1
757,LSP SMK KARYA NASIONAL KUNINGAN,1
758,LSP SMK KEMALA BHAYANGKARI 1 JAKARTA,1
759,LSP SMK KEMALA BHAYANGKARI DELOG,1
760,LSP SMK KESEHATAN ADITAPA MADIUN,1
761,LSP SMK KESEHATAN BHAKTI WIYATA KEDIRI,1
762,LSP SMK KESEHATAN BIM NGAWI,1
763,LSP SMK KORPRI MAJALENGKA,1
764,LSP SMK KRIAN 1 SIDOARJO,1
765,LSP SMK KRIDAWISATA BANDAR LAMPUNG,1
766,LSP SMK MA'ARIF 1 KROYA,1
767,LSP SMK MA'ARIF 1 WATES,1
768,LSP SMK MA'ARIF NU BENJENG,1
769,LSP SMK MA'ARIF NU BOBOTSARI PURBALINGGA,1
770,LSP SMK MA'ARIF NU TIRTO,1
771,LSP SMK MA'ARIF SUDIMORO PACITAN,1
772,LSP SMK MAMBAUL ULUM BATA BATA PAMEKASN,1
773,LSP SMK MANDALAHAYU,1
774,LSP SMK METLAND,1
775,LSP SMK MIGAS CEPU,1
776,LSP SMK MITRA SEHAT MANDIRI SIDOARJO,1
777,LSP SMK MUHAMMADIYAH 1 BLORA,1
778,LSP SMK MUHAMMADIYAH 1 CILEUNGSI,1
779,LSP SMK MUHAMMADIYAH 1 KEPANJEN,1
780,LSP SMK MUHAMMADIYAH 1 PADANG,1
781,LSP SMK MUHAMMADIYAH 1 PEKANBARU,1
782,LSP SMK MUHAMMADIYAH 1 PRINGSEWU,1
783,LSP SMK MUHAMMADIYAH 1 TEGAL,1
784,LSP SMK MUHAMMADIYAH 2 JATINOM,1
785,LSP SMK MUHAMMADIYAH 2 WURYANTORO,1
786,LSP SMK MUHAMMADIYAH 3 KLATEN UTARA,1
787,LSP SMK MUHAMMADIYAH 3 YOGYAKARTA,1
788,LSP SMK MUHAMMADIYAH BUNGORO,1
789,LSP SMK MUHAMMADIYAH KAJEN,1
790,LSP SMK MUHAMMADIYAH LEBAKSIU,1
791,LSP SMK MUHAMMADIYAH LUMAJANG,1
792,LSP SMK MUHAMMADIYAH MAJENANG,1
793,LSP SMK MUHAMMADIYAH PEKALONGAN,1
794,LSP SMK MUHAMMADIYAH PRAMBANAN,1
795,LSP SMK MUHAMMADIYAH SAMPANG CILACAP,1
796,LSP SMK MUTIARA BANGSA,1
797,LSP SMK N 1 BANYUDONO,1
798,LSP SMK N 1 DEPOK SLEMAN,1
799,LSP SMK N 1 GIRITONTRO,1
800,LSP SMK N 1 JAMBU,1
801,LSP SMK N 1 KEDAWUNG SRAGEN,1
802,LSP SMK N 1 KEPANJEN,1
803,LSP SMK N 1 MUNTOK,1
804,LSP SMK N 1 MUSUK,1
805,LSP SMK N 1 NGAWI,1
806,LSP SMK N 1 PEDAN KLATEN,1
807,LSP SMK N 1 PETARUKAN,1
808,LSP SMK N 1 PRACIMANTORO,1
809,LSP SMK N 1 SANGATTA UTARA,1
810,LSP SMK N 1 SINGARAJA,1
811,LSP SMK N 1 SLAHUNG,1
812,LSP SMK N 10 MALANG,1
813,LSP SMK N 19 JAKARTA,1
814,LSP SMK N 29 JAKARTA,1
815,LSP SMK N 3 KLATEN,1
816,LSP SMK N 3 PARIAMAN,1
817,LSP SMK N 3 TEGAL,1
818,LSP SMK N 4 KLATEN,1
819,LSP SMK N 4 PADANG,1
820,LSP SMK N 6 SAMARINDA,1
821,LSP SMK N 8 MALANG,1
822,LSP SMK N 8 PADANG,1
823,LSP SMK N 9 BANDUNG,1
824,LSP SMK N 9 PADANG,1
825,LSP SMK NASIONAL BERBAH YOGYAKARTA,1
826,LSP SMK NASIONAL DEPOK,1
827,LSP SMK NAWA BHAKTI KEBUMEN,1
828,LSP SMK NEGERI 2 JEMBER,1
829,LSP SMK NEGERI 2 PALEMBANG,1
830,LSP SMK NEGERI 1 ABANG,1
831,LSP SMK NEGERI 1 AMUNTAI,1
832,LSP SMK NEGERI 1 BAGOR,1
833,LSP SMK NEGERI 1 BANDAR LAMPUNG,1
834,LSP SMK NEGERI 1 BANJARBARU,1
835,LSP SMK NEGERI 1 BANYUMAS,1
836,LSP SMK NEGERI 1 BATIPUH,1
837,LSP SMK NEGERI 1 BAWANG,1
838,LSP SMK NEGERI 1 BUKITTINGGI,1
839,LSP SMK NEGERI 1 BUSUNGBIU,1
840,LSP SMK NEGERI 1 CEPU,1
841,LSP SMK NEGERI 1 CILIMUS,1
842,LSP SMK NEGERI 1 DENPASAR,1
843,LSP SMK NEGERI 1 DUDUKSAMPEYAN GRESIK,1
844,LSP SMK NEGERI 1 GRATI PASURUAN,1
845,LSP SMK NEGERI 1 JAKARTA,1
846,LSP SMK NEGERI 1 KADEMANGAN,1
847,LSP SMK NEGERI 1 KAYUAGUNG,1
848,LSP SMK NEGERI 1 KUDUS,1
849,LSP SMK NEGERI 1 KUPANG,1
850,LSP SMK NEGERI 1 KUTASARI,1
851,LSP SMK NEGERI 1 MAGELANG,1
852,LSP SMK NEGERI 1 MANGGIS,1
853,LSP SMK NEGERI 1 MINAS,1
854,LSP SMK NEGERI 1 MUNDU CIREBON,1
855,LSP SMK NEGERI 1 NGLEGOK,1
856,LSP SMK NEGERI 1 POGALAN,1
857,LSP SMK NEGERI 1 SEMARANG,1
858,LSP SMK NEGERI 1 SIJUNJUNG,1
859,LSP SMK NEGERI 1 TABANAN BALI,1
860,LSP SMK NEGERI 1 TALAGA,1
861,LSP SMK NEGERI 1 TARAKAN,1
862,LSP SMK NEGERI 1 TEMBILAHAN,1
863,LSP SMK NEGERI 1 TEMPEL,1
864,LSP SMK NEGERI 1 TRUCUK KLATEN,1
865,LSP SMK NEGERI 1 UDANAWU,1
866,LSP SMK NEGERI 2 ADIWERNA,1
867,LSP SMK NEGERI 2 BLITAR,1
868,LSP SMK NEGERI 2 INDRAMAYU,1
869,LSP SMK NEGERI 2 LUMAJANG,1
870,LSP SMK NEGERI 2 PURBALINGGA,1
871,LSP SMK NEGERI 2 PURWODADI,1
872,LSP SMK NEGERI 2 SUMEDANG,1
873,LSP SMK NEGERI 3 BANDUNG,1
874,LSP SMK NEGERI 3 BOJONEGORO,1
875,LSP SMK NEGERI 3 JOMBANG,1
876,LSP SMK NEGERI 3 KEDIRI,1
877,LSP SMK NEGERI 3 LHOKSEUMAWE,1
878,LSP SMK NEGERI 3 SURAKARTA,1
879,LSP SMK NEGERI 3 TANJUNGPINANG,1
880,LSP SMK NEGERI 36 JAKARTA,1
881,LSP SMK NEGERI 4 JAKARTA,1
882,LSP SMK NEGERI 4 MADIUN,1
883,LSP SMK NEGERI 4 PEKANBARU,1
884,LSP SMK NEGERI 4 SIJUNJUNG,1
885,LSP SMK NEGERI 4 TANJUNGPINANG,1
886,LSP SMK NEGERI 4 TASIKMALAYA,1
887,LSP SMK NEGERI 5 BANDUNG,1
888,LSP SMK NEGERI 5 KOTA BEKASI,1
889,LSP SMK NEGERI 5 MANADO,1
890,LSP SMK NEGERI 5 SEMARANG,1
891,LSP SMK NEGERI 50 JAKARTA,1
892,LSP SMK NEGERI 55 JAKARTA,1
893,LSP SMK NEGERI 6 BANDUNG,1
894,LSP SMK NEGERI 7 BANDAR LAMPUNG,1
895,LSP SMK NEGERI 7 PONTIANAK,1
896,LSP SMK NEGERI KARANGPUCUNG,1
897,LSP SMK NEGERI MATESIH,1
898,LSP SMK NEGERI PUSPO,1
899,LSP SMK NEGERI TUTUR,1
900,LSP SMK NU 1 KARANGGENENG LAMONGAN,1
901,LSP SMK NU 1 SLAWI,1
902,LSP SMK NU HASYIM ASY'ARI TARUB TEGAL,1
903,LSP SMK NU MAARIF KUDUS,1
904,LSP SMK NU UNGARAN,1
905,LSP SMK NURIS JEMBER,1
906,LSP SMK NURUL ISLAM CIANJUR,1
907,LSP SMK NURUL ISLAM LARANGAN,1
908,LSP SMK OTOMINDO,1
909,LSP SMK PANCA BHAKTI BANJARNEGARA,1
910,LSP SMK PANCA BHAKTI RAKIT,1
911,LSP SMK PANCASILA 3 BATURETNO,1
912,LSP SMK PANDAWA BUDI LUHUR,1
913,LSP SMK PARAMITHA,1
914,LSP SMK PARIWISATA TRIATMA JAYA BADUNG,1
915,LSP SMK PASUNDAN 3 KOTA CIMAHI,1
916,LSP SMK PELAYARAN KRISTEN TUBAN,1
917,LSP SMK PELAYARAN NIAGA PURNA BAHARI,1
918,LSP SMK PEMBANGUNAN BAGAN BATU,1
919,LSP SMK PEMBANGUNAN JAYA,1
920,LSP SMK PEMBANGUNAN NASIONAL PURWODADI,1
921,LSP SMK PENERBANGAN CAKRA NUSANTARA,1
922,LSP SMK PERGURUAN CIKINI,1
923,LSP SMK PERIKANAN DAN KELAUTAN PUGER,1
924,LSP SMK PERSATUAN 2 TULANGAN,1
925,LSP SMK PGRI 1 NGANJUK,1
926,LSP SMK PGRI 1 NGAWI,1
927,LSP SMK PGRI 1 TAMAN,1
928,LSP SMK PGRI 2 BADUNG,1
929,LSP SMK PGRI 2 LAHAT,1
930,LSP SMK PGRI 2 PALEMBANG,1
931,LSP SMK PGRI 20 JAKARTA,1
932,LSP SMK PGRI 3 TANGGUL,1
933,LSP SMK PGRI 35 JAKARTA,1
934,LSP SMK PGRI 5 JEMBER,1
935,LSP SMK PGRI JATIBARANG,1
936,LSP SMK PGRI WLINGI,1
937,LSP SMK PLUS AL-HASANAH,1
938,LSP SMK PLUS YSB SURYALAYA,1
939,LSP SMK PP NEGERI SAREE,1
940,LSP SMK PU NEGERI BANDUNG,1
941,LSP SMK SAHID SURAKARTA,1
942,LSP SMK SANDIKTA,1
943,LSP SMK SARI FARMA,1
944,LSP SMK SASMITA JAYA,1
945,LSP SMK SATRIA BHAKTI NGANJUK,1
946,LSP SMK SATRIA NUSANTARA BETUNG,1
947,LSP SMK SATYAPRAJA 2 PETARUKAN,1
948,LSP SMK SEJAHTERA JAKARTA,1
949,LSP SMK SEKESAL SURABAYA,1
950,LSP SMK SEMEN GRESIK,1
951,LSP SMK SENTOSA DHARMA,1
952,LSP SMK SEPULUH NOPEMBER SIDOARJO,1
953,LSP SMK SETIA NEGARA,1
954,LSP SMK SMTI BANDAR LAMPUNG,1
955,LSP SMK SMTI PONTIANAK,1
956,LSP SMK SORE TULUNGAGUNG,1
957,LSP SMK SUNAN DRAJAT LAMONGAN,1
958,LSP SMK SWADAYA TEMANGGUNG,1
959,LSP SMK SYEKH ABDUL QODIR AL JAILANI,1
960,LSP SMK TAMAN KARYA MADYA PERTAMBANGAN KEBUMEN,1
961,LSP SMK TAMAN KARYA MADYA TEKNIK KEBUMEN,1
962,LSP SMK TEKNOLOGI BALUNG,1
963,LSP SMK TELKOM SANDHY PUTRA PURWOKERTO,1
964,LSP SMK TKM TEKNIK PURWOREJO,1
965,LSP SMK TUNAS HARAPAN,1
966,LSP SMK TUNAS HARAPAN PATI,1
967,LSP SMK TUNGGAL CIPTA KLATEN,1
968,LSP SMK TUREN,1
969,LSP SMK UTAMA BAKTI PALEMBANG,1
970,LSP SMK WACHID HASYIM SURABAYA,1
971,LSP SMK WALANG JAYA,1
972,LSP SMK WALISONGO 2 GEMPOL,1
973,LSP SMK WIRASABA KARAWANG,1
974,LSP SMK WISUDHA KARYA KUDUS,1
975,LSP SMK WIYATA HUSADA,1
976,LSP SMK WONGSOREJO GOMBONG,1
977,LSP SMK YADIKA 13,1
978,LSP SMK YAPIMDA,1
979,LSP SMK YASMIDA,1
980,LSP SMK YATPI GODONG,1
981,LSP SMK YMIK JAKARTA,1
982,LSP SMK YP FATAHILLAH 1 KRAMATWATU,1
983,LSP SMK YP GAJAH MADA PALEMBANG,1
984,LSP SMK YP IPPI PETOJO,1
985,LSP SMK YPE KROYA,1
986,LSP SMK YPE SAMPANG,1
987,LSP SMK YPE SAWUNGGALIH KUTOARJO,1
988,LSP SMK YPI DARUSSALAM 1 CERME,1
989,LSP SMK YPM 2 TAMAN,1
990,LSP SMK YPM 4 TAMAN SIDOARJO,1
991,LSP SMK YPM 5 SUKODONO,1
992,LSP SMK YPM 8 SIDOARJO,1
993,LSP SMK YPT TEGAL,1
994,LSP SMKN 1 ADIWERNA,1
995,LSP SMKN 1 AMBAL,1
996,LSP SMKN 1 AMPEK ANGKEK,1
997,LSP SMKN 1 ANJATAN,1
998,LSP SMKN 1 BALIKPAPAN,1
999,LSP SMKN 1 BANCAK,1
1000,LSP SMKN 1 BANDA ACEH,1
1001,LSP SMKN 1 BANGKINANG,1
1002,LSP SMKN 1 BANJARMASIN,1
1003,LSP SMKN 1 BANJIT,1
1004,LSP SMKN 1 BANTUL,1
1005,LSP SMKN 1 BASO,1
1006,LSP SMKN 1 BATEALIT,1
1007,LSP SMKN 1 BATU,1
1008,LSP SMKN 1 BAURENO,1
1009,LSP SMKN 1 BELITANG III,1
1010,LSP SMKN 1 BENGKULU,1
1011,LSP SMKN 1 BERINGIN,1
1012,LSP SMKN 1 BINJAI,1
1013,LSP SMKN 1 BINTAN TIMUR KEPULAUAN RIAU,1
1014,LSP SMKN 1 BLITAR,1
1015,LSP SMKN 1 BOGOR,1
1016,LSP SMKN 1 BOJONG PURWAKARTA,1
1017,LSP SMKN 1 BONJOL,1
1018,LSP SMKN 1 BONTANG,1
1019,LSP SMKN 1 BOYOLANGU,1
1020,LSP SMKN 1 BUMIJAWA,1
1021,LSP SMKN 1 BUNTOK,1
1022,LSP SMKN 1 CIAMIS,1
1023,LSP SMKN 1 CIBINONG,1
1024,LSP SMKN 1 CIKARANG BARAT,1
1025,LSP SMKN 1 CILEGON,1
1026,LSP SMKN 1 CIPANAS,1
1027,LSP SMKN 1 DEPOK,1
1028,LSP SMKN 1 DUKUHTURI,1
1029,LSP SMKN 1 ENAM LINGKUNG,1
1030,LSP SMKN 1 GANTIWARNO,1
1031,LSP SMKN 1 GARUT,1
1032,LSP SMKN 1 GEGER,1
1033,LSP SMKN 1 GELUMBANG,1
1034,LSP SMKN 1 GOMBONG,1
1035,LSP SMKN 1 GORONTALO,1
1036,LSP SMKN 1 IDI,1
1037,LSP SMKN 1 INDRALAYA SELATAN,1
1038,LSP SMKN 1 INDRAMAYU,1
1039,LSP SMKN 1 JAMBLANG,1
1040,LSP SMKN 1 JATIROTO,1
1041,LSP SMKN 1 JENANGAN PONOROGO,1
1042,LSP SMKN 1 JETIS,1
1043,LSP SMKN 1 JOGONALAN,1
1044,LSP SMKN 1 KALASAN,1
1045,LSP SMKN 1 KALIANGET,1
1046,LSP SMKN 1 KALINYAMATAN,1
1047,LSP SMKN 1 KANDEMAN,1
1048,LSP SMKN 1 KARANGANYAR KEBUMEN,1
1049,LSP SMKN 1 KARAWANG,1
1050,LSP SMKN 1 KATAPANG,1
1051,LSP SMKN 1 KAWALI,1
1052,LSP SMKN 1 KAWUNGANTEN,1
1053,LSP SMKN 1 KEDUNG,1
1054,LSP SMKN 1 KENDAL,1
1055,LSP SMKN 1 KERUMUTAN,1
1056,LSP SMKN 1 KLATEN,1
1057,LSP SMKN 1 KOTA CIREBON,1
1058,LSP SMKN 1 KOTA JAMBI,1
1059,LSP SMKN 1 KOTA TAMBOLAKA,1
1060,LSP SMKN 1 KOTO XI TARUSAN,1
1061,LSP SMKN 1 KUTA SELATAN,1
1062,LSP SMKN 1 KUTALIMBARU,1
1063,LSP SMKN 1 LANGSA,1
1064,LSP SMKN 1 LEMBAH GUMANTI,1
1065,LSP SMKN 1 LEMPUING JAYA,1
1066,LSP SMKN 1 LEUWILIANG,1
1067,LSP SMKN 1 LHOKSEUMAWE,1
1068,LSP SMKN 1 LOSARANG,1
1069,LSP SMKN 1 LUBUK PAKAM,1
1070,LSP SMKN 1 LUBUKLINGGAU,1
1071,LSP SMKN 1 LUWUK,1
1072,LSP SMKN 1 MAJALAYA,1
1073,LSP SMKN 1 MAJENE,1
1074,LSP SMKN 1 MAMASA,1
1075,LSP SMKN 1 MANDIRAJA,1
1076,LSP SMKN 1 MARTAPURA,1
1077,LSP SMKN 1 MAS UBUD,1
1078,LSP SMKN 1 MESJID RAYA,1
1079,LSP SMKN 1 MIRI,1
1080,LSP SMKN 1 MOJOKERTO,1
1081,LSP SMKN 1 MONDOKAN,1
1082,LSP SMKN 1 MUARO JAMBI,1
1083,LSP SMKN 1 NGAWEN,1
1084,LSP SMKN 1 NGULING,1
1085,LSP SMKN 1 NUNUKAN,1
1086,LSP SMKN 1 OKU,1
1087,LSP SMKN 1 PAGELARAN,1
1088,LSP SMKN 1 PAKIS AJI JEPARA,1
1089,LSP SMKN 1 PALASAH,1
1090,LSP SMKN 1 PALEMBANG,1
1091,LSP SMKN 1 PANDAK,1
1092,LSP SMKN 1 PANGANDARAN,1
1093,LSP SMKN 1 PANGKEP,1
1094,LSP SMKN 1 PATROL,1
1095,LSP SMKN 1 PEKALONGAN,1
1096,LSP SMKN 1 PENUKAL,1
1097,LSP SMKN 1 PLOSOKLATEN,1
1098,LSP SMKN 1 PRABUMULIH,1
1099,LSP SMKN 1 PRAYA LOMBOK,1
1100,LSP SMKN 1 PUNDONG,1
1101,LSP SMKN 1 PUNGGELAN,1
1102,LSP SMKN 1 PUNGGING,1
1103,LSP SMKN 1 PURBALINGGA,1
1104,LSP SMKN 1 PURWOJATI,1
1105,LSP SMKN 1 PURWOREJO,1
1106,LSP SMKN 1 PURWOSARI - PASURUAN,1
1107,LSP SMKN 1 PUSAKANAGARA,1
1108,LSP SMKN 1 RAJADESA,1
1109,LSP SMKN 1 RANGAS,1
1110,LSP SMKN 1 RENGAT,1
1111,LSP SMKN 1 SAMARINDA,1
1112,LSP SMKN 1 SANDEN,1
1113,LSP SMKN 1 SEDAYU,1
1114,LSP SMKN 1 SELONG,1
1115,LSP SMKN 1 SERANG,1
1116,LSP SMKN 1 SEWON,1
1117,LSP SMKN 1 SIDIKALANG,1
1118,LSP SMKN 1 SLAWI,1
1119,LSP SMKN 1 SOLOK,1
1120,LSP SMKN 1 SOLOK SELATAN,1
1121,LSP SMKN 1 SONGGOM,1
1122,LSP SMKN 1 SOOKO MOJOKERTO,1
1123,LSP SMKN 1 SUKABUMI,1
1124,LSP SMKN 1 SURAKARTA,1
1125,LSP SMKN 1 SUTERA,1
1126,LSP SMKN 1 TALANG UBI,1
1127,LSP SMKN 1 TALIWANG,1
1128,LSP SMKN 1 TAMBELANG,1
1129,LSP SMKN 1 TAMPAKSIRING,1
1130,LSP SMKN 1 TANA TORAJA,1
1131,LSP SMKN 1 TANJUNGBALAI,1
1132,LSP SMKN 1 TASIKMALAYA,1
1133,LSP SMKN 1 TEGAL,1
1134,LSP SMKN 1 TEKUNG,1
1135,LSP SMKN 1 TENGARAN,1
1136,LSP SMKN 1 TLANAKAN,1
1137,LSP SMKN 1 TONJONG,1
1138,LSP SMKN 1 TUALANG,1
1139,LSP SMKN 1 WARUREJA,1
1140,LSP SMKN 1 WONOREJO,1
1141,LSP SMKN 10 JAKARTA,1
1142,LSP SMKN 10 KOTA BEKASI,1
1143,LSP SMKN 11 BANDUNG,1
1144,LSP SMKN 11 SEMARANG,1
1145,LSP SMKN 13 BANDUNG,1
1146,LSP SMKN 14 JAKARTA,1
1147,LSP SMKN 16 JAKARTA,1
1148,LSP SMKN 18 JAKARTA,1
1149,LSP SMKN 1METRO,1
1150,LSP SMKN 1PARON,1
1151,LSP SMKN 2 BALEENDAH,1
1152,LSP SMKN 2 BALIKPAPAN,1
1153,LSP SMKN 2 BANJARBARU,1
1154,LSP SMKN 2 BANJARMASIN,1
1155,LSP SMKN 2 BARRU,1
1156,LSP SMKN 2 BATAM,1
1157,LSP SMKN 2 BAWANG,1
1158,LSP SMKN 2 BITUNG,1
1159,LSP SMKN 2 BLORA,1
1160,LSP SMKN 2 BONTANG,1
1161,LSP SMKN 2 CIMAHI,1
1162,LSP SMKN 2 DENPASAR,1
1163,LSP SMKN 2 DEPOK,1
1164,LSP SMKN 2 ENDE,1
1165,LSP SMKN 2 GEDANGSARI,1
1166,LSP SMKN 2 KEDIRI,1
1167,LSP SMKN 2 KOTA BEKASI,1
1168,LSP SMKN 2 KOTA CIREBON,1
1169,LSP SMKN 2 KOTA JAMBI,1
1170,LSP SMKN 2 KRAKSAAN,1
1171,LSP SMKN 2 KURIPAN,1
1172,LSP SMKN 2 LAHAT,1
1173,LSP SMKN 2 LAMONGAN,1
1174,LSP SMKN 2 LANGSA,1
1175,LSP SMKN 2 LHOKSEUMAWE,1
1176,LSP SMKN 2 MAJENE,1
1177,LSP SMKN 2 MATARAM,1
1178,LSP SMKN 2 NGANJUK,1
1179,LSP SMKN 2 PACITAN,1
1180,LSP SMKN 2 PEKALONGAN,1
1181,LSP SMKN 2 PURWOKERTO,1
1182,LSP SMKN 2 PURWOREJO,1
1183,LSP SMKN 2 RANGKASBITUNG,1
1184,LSP SMKN 2 SANGATTA UTARA,1
1185,LSP SMKN 2 SAWAHLUNTO,1
1186,LSP SMKN 2 SIGLI,1
1187,LSP SMKN 2 SIMPANG KIRI,1
1188,LSP SMKN 2 SINGARAJA,1
1189,LSP SMKN 2 SINGKAWANG,1
1190,LSP SMKN 2 SLAWI,1
1191,LSP SMKN 2 SONGGOM,1
1192,LSP SMKN 2 SRAGEN,1
1193,LSP SMKN 2 SUKABUMI,1
1194,LSP SMKN 2 SUKAWATI,1
1195,LSP SMKN 2 SUKOREJO,1
1196,LSP SMKN 2 SURAKARTA,1
1197,LSP SMKN 2 TANJUNGPINANG,1
1198,LSP SMKN 2 TEBO,1
1199,LSP SMKN 2 TEGAL,1
1200,LSP SMKN 2 TELUK KUANTAN,1
1201,LSP SMKN 2 TEMANGGUNG,1
1202,LSP SMKN 2 TUREN MALANG,1
1203,LSP SMKN 20 JAKARTA,1
1204,LSP SMKN 22 JAKARTA,1
1205,LSP SMKN 24 JAKARTA,1
1206,LSP SMKN 26 JAKARTA,1
1207,LSP SMKN 28 JAKARTA,1
1208,LSP SMKN 3 BALIKPAPAN,1
1209,LSP SMKN 3 BANJARBARU,1
1210,LSP SMKN 3 BANJARMASIN,1
1211,LSP SMKN 3 BATAM,1
1212,LSP SMKN 3 BOGOR,1
1213,LSP SMKN 3 CIMAHI,1
1214,LSP SMKN 3 DENPASAR,1
1215,LSP SMKN 3 DEPOK,1
1216,LSP SMKN 3 JEPARA,1
1217,LSP SMKN 3 KOTA SERANG,1
1218,LSP SMKN 3 KUNINGAN,1
1219,LSP SMKN 3 MALANG,1
1220,LSP SMKN 3 MANADO,1
1221,LSP SMKN 3 MANDAU,1
1222,LSP SMKN 3 MERAUKE,1
1223,LSP SMKN 3 METRO LAMPUNG,1
1224,LSP SMKN 3 OKU,1
1225,LSP SMKN 3 PADANG,1
1226,LSP SMKN 3 PALU,1
1227,LSP SMKN 3 PATI,1
1228,LSP SMKN 3 PEKANBARU,1
1229,LSP SMKN 3 SAMARINDA,1
1230,LSP SMKN 3 SEMARANG,1
1231,LSP SMKN 3 SORONG,1
1232,LSP SMKN 3 TANAH GROGOT,1
1233,LSP SMKN 3 TANGERANG,1
1234,LSP SMKN 3 TASIKMALAYA,1
1235,LSP SMKN 35 JAKARTA,1
1236,LSP SMKN 4 BALIKPAPAN,1
1237,LSP SMKN 4 BANJARMASIN,1
1238,LSP SMKN 4 BATAM,1
1239,LSP SMKN 4 KENDAL,1
1240,LSP SMKN 4 KOTA JAMBI,1
1241,LSP SMKN 4 PADALARANG,1
1242,LSP SMKN 4 PROBOLINGGO,1
1243,LSP SMKN 41 JAKARTA,1
1244,LSP SMKN 42 JAKARTA BARAT,1
1245,LSP SMKN 45 JAKARTA,1
1246,LSP SMKN 46 JAKARTA,1
1247,LSP SMKN 48 JAKARTA,1
1248,LSP SMKN 49 JAKARTA,1
1249,LSP SMKN 5 BALIKPAPAN,1
1250,LSP SMKN 5 BANJARMASIN,1
1251,LSP SMKN 5 JAKARTA,1
1252,LSP SMKN 5 JEMBER,1
1253,LSP SMKN 5 KAB.TANGERANG,1
1254,LSP SMKN 5 KOTA JAMBI,1
1255,LSP SMKN 5 KUNINGAN,1
1256,LSP SMKN 5 MAJENE,1
1257,LSP SMKN 5 PADANG,1
1258,LSP SMKN 5 PANGALENGAN,1
1259,LSP SMKN 5 TELKOM BANDA ACEH,1
1260,LSP SMKN 53 JAKARTA,1
1261,LSP SMKN 6 BALIKPAPAN,1
1262,LSP SMKN 6 BATAM,1
1263,LSP SMKN 6 GARUT,1
1264,LSP SMKN 6 MALANG,1
1265,LSP SMKN 6 PEKANBARU,1
1266,LSP SMKN 6 SUKOHARJO,1
1267,LSP SMKN 60,1
1268,LSP SMKN 63 JAKARTA,1
1269,LSP SMKN 7 BALEENDAH,1
1270,LSP SMKN 7 BATAM,1
1271,LSP SMKN 7 KOTA SERANG,1
1272,LSP SMKN 7 MEDAN,1
1273,LSP SMKN 7 SAMARINDA,1
1274,LSP SMKN 7 SURABAYA,1
1275,LSP SMKN 8 BANDAR LAMPUNG,1
1276,LSP SMKN 9 GARUT,1
1277,LSP SMKN 9 MEDAN,1
1278,LSP SMKN 9 SEMARANG,1
1279,LSP SMKN 9 SURAKARTA,1
1280,LSP SMKN BANTARKALONG,1
1281,LSP SMKN JATIPURO,1
1282,LSP SMKN JATIROGO,1
1283,LSP SMKN LABUANG,1
1284,LSP SMKN PP CIANJUR,1
1285,LSP SMKN PRIGEN,1
1286,LSP SMKN RAJAPOLAH,1
1287,LSP SMKN SUKOHARJO,1
1288,LSP SMKN1 MAJALENGKA,1
1289,LSP SMKN1 TINAMBUNG,1
1290,LSP SMKN12 JKT,1
1291,LSP SMKN2 KARANG BARU,1
1292,LSP SMKN2 TERBANGGI BESAR,1
1293,LSP SMKN2 WONOSARI,1
1294,LSP SMKN4 SURABAYA,1
1295,LSP SMKPGRI PANDAAN,1
1296,LSP SMKS 11 MARET JAKARTA,1
1297,LSP SMKS BANDUNG BARAT,1
1298,LSP SMKS DHARMA BHAKTI 4 JAMBI,1
1299,LSP SMKS HKTI 1 PURWAREJA KLAMPOK,1
1300,LSP SPA NASIONAL,1
1301,LSP STASIUN PENGISIAN BAHAN BAKAR MINYAK DAN GAS,1
1302,LSP STEMBATEMA (SMK N 1 TEMANGGUNG),1
1303,LSP STIE AUB SURAKARTA,1
1304,LSP STIEPAR YAPARI,1
1305,LSP STIESIA,1
1306,LSP STIKES BAKTI TUNAS HUSADA TASIKMALAYA,1
1307,LSP STIKOM CIPTA KARYA INFORMATIKA ( STIKOMCKI ),1
1308,LSP STIP,1
1309,LSP STMIK BANJARBARU,1
1310,LSP STMM,1
1311,LSP STP MATARAM,1
1312,LSP SURVEY PEMETAAN IKATAN SURVEYOR INDONESIA,1
1313,LSP T2K3 INDONESIA,1
1314,LSP TALENTA WIRAUSAHA NUSANTARA,1
1315,LSP TAMBANG MINERBA INDONESIA,1
1316,LSP TEKNIK DAN MANAJEMEN INDUSTRI,1
1317,LSP TEKNIK LISTRIK,1
1318,LSP TEKNIK OPERASIONAL BANGUNAN GEDUNG,1
1319,LSP TEKNIK OTOMOTIF INDONESIA,1
1320,LSP TEKNIK PENDINGIN TATA UDARA,1
1321,LSP TEKNISI OTOMOTIF PROFESIONAL (TOP) INDONESIA,1
1322,LSP TEKNOLOGI INFORMATIKA,1
1323,LSP TEKSTIL,1
1324,LSP TELEKOMUNIKASI,1
1325,LSP TELEKOMUNIKASI DIGITAL INDONESIA,1
1326,LSP TELEKOMUNIKASI PRIMA INDONESIA,1
1327,LSP TELEMATIKA,1
1328,LSP TELKOM AKSES,1
1329,LSP TENAGA KERJA DKI JAKARTA,1
1330,LSP TENAGA KONSTRUKSI NASIONAL,1
1331,LSP TENAGA PELATIHAN DAN INSTRUKTUR PROFESIONAL,1
1332,LSP TENAGA TEKNIS VOKASI INDONESIA,1
1333,LSP TENUN INDONESIA,1
1334,LSP TEST TANGERANG,1
1335,LSP TIK TRIATMA KOMPETENSI,1
1336,LSP TMMIN,1
1337,LSP TNI ANGKATAN LAUT,1
1338,LSP TPT TEGAR UTAMA,1
1339,LSP TRAINER NUSWANTORO,1
1340,LSP TRANSLOG INDONESIA,1
1341,LSP TRANSPORTASI DARAT,1
1342,LSP TRANSPORTASI GLOBAL INDONESIA,1
1343,LSP TRANSPORTASI INDONESIA,1
1344,LSP TRANSPORTASI PENGEMUDI INDONESIA,1
1345,LSP TRIDINANTI,1
1346,LSP TVRI,1
1347,LSP UIN SUNAN KALIJAGA,1
1348,LSP UJI COBA,1
1349,LSP UJICOBA,1
1350,LSP UKRIDA,1
1351,LSP UMP,1
1352,LSP UNIMED,1
1353,LSP UNISBA,1
1354,LSP UNIVERSITAS AHMAD DAHLAN,1
1355,LSP UNIVERSITAS AL-AZHAR INDONESIA,1
1356,LSP UNIVERSITAS AMIKOM YOGYAKARTA,1
1357,LSP UNIVERSITAS BHAYANGKARA JAKARTA RAYA.,1
1358,LSP UNIVERSITAS BINA DARMA,1
1359,LSP UNIVERSITAS BINA SARANA INFORMATIKA,1
1360,LSP UNIVERSITAS BUMIGORA,1
1361,LSP UNIVERSITAS DHYANA PURA,1
1362,LSP UNIVERSITAS DIAN NUSWANTORO,1
1363,LSP UNIVERSITAS DR. SOETOMO SURABAYA,1
1364,LSP UNIVERSITAS ESA UNGGUL,1
1365,LSP UNIVERSITAS GARUT,1
1366,LSP UNIVERSITAS GORONTALO,1
1367,LSP UNIVERSITAS INDONESIA,1
1368,LSP UNIVERSITAS IPWIJA,1
1369,LSP UNIVERSITAS ISLAM INDONESIA (UII),1
1370,LSP UNIVERSITAS ISLAM MALANG,1
1371,LSP UNIVERSITAS ISLAM NEGERI (UIN) SUNAN AMPEL,1
1372,LSP UNIVERSITAS MERCU BUANA YOGYAKARTA (LSP UMBY),1
1373,LSP UNIVERSITAS MERDEKA MALANG,1
1374,LSP UNIVERSITAS MUHAMMADIYAH JEMBER,1
1375,LSP UNIVERSITAS MUHAMMADIYAH SIDOARJO,1
1376,LSP UNIVERSITAS MUHAMMADIYAH TANGERANG,1
1377,LSP UNIVERSITAS MULIA (EKS. LSP STMIK BALIKPAPAN),1
1378,LSP UNIVERSITAS NAHDLATUL ULAMA SURABAYA (LSP UNUSA),1
1379,LSP UNIVERSITAS NEGERI JAKARTA,1
1380,LSP UNIVERSITAS NEGERI MALANG,1
1381,LSP UNIVERSITAS NEGERI PADANG,1
1382,LSP UNIVERSITAS NEGERI SEMARANG,1
1383,LSP UNIVERSITAS NEGERI SURABAYA,1
1384,LSP UNIVERSITAS NEGERI YOGYAKARTA (UNY),1
1385,LSP UNIVERSITAS NURUL JADID,1
1386,LSP UNIVERSITAS NUSA MANDIRI,1
1387,LSP UNIVERSITAS PADJADJARAN,1
1388,LSP UNIVERSITAS PAMULANG,1
1389,LSP UNIVERSITAS PEMBANGUNAN JAYA,1
1390,LSP UNIVERSITAS PEMBANGUNAN NASIONAL VETERAN YOGYAKARTA,1
1391,LSP UNIVERSITAS PENDIDIKAN INDONESIA,1
1392,LSP UNIVERSITAS PRIMA INDONESIA,1
1393,LSP UNIVERSITAS PUTERA BATAM,1
1394,LSP UNIVERSITAS SEBELAS MARET,1
1395,LSP UNIVERSITAS SULTAN AGENG TIRTAYASA,1
1396,LSP UNIVERSITAS WAHID HASYIM,1
1397,LSP UNIVERSITAS YUDHARTA PASURUAN,1
1398,LSP UNMUS,1
1399,LSP UPN VETERAN JAKARTA,1
1400,LSP UPN VETERAN JATIM,1
1401,LSP USER PLN,1
1402,LSP VOKASI IPB,1
1403,LSP WIDYA BAHASA NUSANTARA,1
1404,LSP WIKA,1
1405,LSP WISATA INDONESIA,1
1406,LSP YAYASAN PENDIDIKAN INTERNAL AUDIT,1
1407,LSP- LINGKUNGAN HIDUP LESTARI,1
1408,LSP- SMK AVERUS,1
1409,LSP-1 SMKN1 LAHAT,1
1410,LSP-LABORATORIUM INDUSTRI INDONESIA,1
1411,LSP-P1 POLITEKNIK PARIWISATA MEDAN,1
1412,LSP-P1 POLSRI,1
1413,LSP-P1 SLBN PEMBINA TINGKAT NASIONAL BAGIAN C MALANG,1
1414,LSP-P1 SMK 1 MEULABOH,1
1415,LSP-P1 SMK GENUS BUKITTINGGI,1
1416,LSP-P1 SMK KRISTEN NUSANTARA KUDUS,1
1417,LSP-P1 SMK MITRA KARYA MANDIRI,1
1418,LSP-P1 SMK MOTIVASI INSANI,1
1419,LSP-P1 SMK MUHAMMADIYAH 1 GENTENG,1
1420,LSP-P1 SMK MUHAMMADIYAH 2 AJIBARANG,1
1421,LSP-P1 SMK MUHAMMADIYAH 2 KUNINGAN,1
1422,LSP-P1 SMK MUHAMMADIYAH BELITANG,1
1423,LSP-P1 SMK N 2 KARANGANYAR,1
1424,LSP-P1 SMK N 2 KUDUS,1
1425,LSP-P1 SMK NEGERI 1 BUDURAN,1
1426,LSP-P1 SMK NEGERI 1 CIKARANG SELATAN,1
1427,LSP-P1 SMK NEGERI 1 KARANGANYAR,1
1428,LSP-P1 SMK NEGERI 1 MAJA,1
1429,LSP-P1 SMK NEGERI 1 MALANG,1
1430,LSP-P1 SMK NEGERI 1 PEUSANGAN,1
1431,LSP-P1 SMK NEGERI 2 MALANG,1
1432,LSP-P1 SMK NEGERI 2 TASIKMALAYA,1
1433,LSP-P1 SMK NEGERI 3 KOTA BEKASI,1
1434,LSP-P1 SMK NEGERI 4 PONTIANAK,1
1435,LSP-P1 SMK NEGERI 56 JAKARTA,1
1436,LSP-P1 SMK NEGERI 6 JEMBER,1
1437,LSP-P1 SMK PELITA 2 CIAMPEA,1
1438,LSP-P1 SMK PERTANIAN PEMBANGUNAN NEGERI LEMBANG,1
1439,LSP-P1 SMK PGRI 3 SIDOARJO,1
1440,LSP-P1 SMK QUEEN AL FALAH,1
1441,LSP-P1 SMK RISTEK JAYA,1
1442,LSP-P1 SMK SANGKURIANG 1 CIMAHI,1
1443,LSP-P1 SMK TARUNA TERPADU 2 BOGOR,1
1444,LSP-P1 SMK TERATAI PUTIH GLOBAL 4 BEKASI,1
1445,LSP-P1 SMK TEXMACO SEMARANG,1
1446,LSP-P1 SMK YASIHA GUBUG,1
1447,LSP-P1 SMK- SMTI MAKASSAR,1
1448,LSP-P1 SMKN 1 BONDOWOSO,1
1449,LSP-P1 SMKN 1 CIKALONGKULON,1
1450,LSP-P1 SMKN 1 DEMAK,1
1451,LSP-P1 SMKN 1 GESI,1
1452,LSP-P1 SMKN 1 KRAKSAAN,1
1453,LSP-P1 SMKN 1 LHOKSUKON,1
1454,LSP-P1 SMKN 1 MATUR,1
1455,LSP-P1 SMKN 1 MOJOANYAR,1
1456,LSP-P1 SMKN 1 NGANJUK,1
1457,LSP-P1 SMKN 1 SEYEGAN,1
1458,LSP-P1 SMKN 1 SINTUK TOBOH GADANG,1
1459,LSP-P1 SMKN 2 BL,1
1460,LSP-P1 SMKN 2 CIAMIS,1
1461,LSP-P1 SMKN 2 PAYAKUMBUH,1
1462,LSP-P1 SMKN 3 BLITAR,1
1463,LSP-P1 SMKN 3 KUDUS,1
1464,LSP-P1 SMKN 57 JAKARTA,1
1465,LSP-P1 SMKN 58 JAKARTA,1
1466,LSP-P1 UNISLA,1
1467,LSP-P1 UNIVERSITAS FORT DE KOCK BUKITTINGGI,1
1468,LSP-P1 VIVERE LEARNING CENTER,1
1469,LSP-PAL,1
1470,LSP-PERURI,1
1471,LSP-TO INDONESIA,1
1472,LSP1 SMK N 1 TEMON,1
1473,LSPP1 SMK PELITA SALATIGA,1
1474,LSPP1 SMKN 3 MAGELANG,1
1475,MANAJEMEN BISNIS PEMASARAN,1
1476,MANAJEMEN KEWIRAUSAHAAN DAN BISNIS INDONESIA,1
1477,MANAJEMEN RISIKO,1
1478,MICE,1
1479,MITRA SERTIFINDO KONSTRUKSI,1
1480,MSDM APINDO,1
1481,MSDM ASPHRI,1
1482,MSDM BRILLIANT,1
1483,MSDM MANDIRI,1
1484,MSDM NUSANTARA,1
1485,MSDM QUALITY INDONESIA,1
1486,MUI,1
1487,OLAHRAGA INDONESIA,1
1488,PARIWISATA,1
1489,PARIWISATA BARELANG INTERNATIONAL,1
1490,PARIWISATA BHAKTI PERSADA,1
1491,PARIWISATA DAN SPA INDONESIA,1
1492,PARIWISATA GLOBAL INDONESIA,1
1493,PARIWISATA HOUSEKEEPER,1
1494,PARIWISATA JAYA KOMPETEN,1
1495,PARIWISATA MAESTRO INDONESIA,1
1496,PARIWISATA MAHOTAMA,1
1497,PARIWISATA METRO GLOBAL,1
1498,PARIWISATA NUGRAHA INTERNASIONAL,1
1499,PARIWISATA PESONA INDONESIA,1
1500,PARIWISATA PHINISI,1
1501,PARIWISATA RAFFLESIA,1
1502,"PARIWISATA, AESTETIKA DAN SPA (PARAS)",1
1503,PASKI HEALTH CARE,1
1504,PD SUKSES SURYA NUSANTARA,1
1505,PEKERJA DOMESTIK DUTA BANGSA,1
1506,PEKERJA DOMESTIK MANDIRI,1
1507,PEKERJA DOMESTIK NUSANTARA,1
1508,PEKERJA DOMESTIK PRATAMA,1
1509,PEMASARAN,1
1510,PEMASARAN PRATAMA NUSANTARA,1
1511,PEMASOK PASAR INDONESIA,1
1512,PENERBITAN,1
1513,PENGAMANAN NUSANTARA,1
1514,PENGEMBANGAN LAS,1
1515,PENYELENGGARA PRODUK HALAL INDONESIA (PPHI),1
1516,PERDAGANGAN EKSPOR IMPOR INDONESIA,1
1517,PERKERETAAPIAN INDONESIA,1
1518,PERKOPERASIAN INDONESIA,1
1519,PERMODALAN NASIONAL MADANI,1
1520,PERMUSEUMAN INDONESIA,1
1521,PERS INDONESIA,1
1522,PERTAHKINDO KONSTRUKSI NASIONAL,1
1523,PERTANIAN ORGANIK,1
1524,PETAKINDO KONSTRUKSI MANDIRI,1
1525,PETERNAKAN INDONESIA,1
1526,PETROSEA,1
1527,POLIMARIN,1
1528,POLITEKNIK APP JAKARTA,1
1529,POLITEKNIK ELEKTRONIKA NEGERI SURABAYA (PENS),1
1658,SMK SARASWATI 3 TABANAN,1
1530,POLITEKNIK ILMU PELAYARAN (PIP) SEMARANG,1
1531,POLITEKNIK INDUSTRI LOGAM MOROWALI,1
1532,POLITEKNIK MANUFAKTUR NEGERI BANGKA BELITUNG (LSP POLMAN BABEL),1
1533,POLITEKNIK NEGERI BALIKPAPAN,1
1534,POLITEKNIK NEGERI BATAM,1
1535,POLITEKNIK NEGERI LAMPUNG,1
1536,POLITEKNIK NEGERI LHOKSEUMAWE,1
1537,POLITEKNIK NEGERI SEMARANG,1
1538,POLITEKNIK NEGERI UJUNG PANDANG (PNUP),1
1539,POLITEKNIK PARIWISATA (POLTEKPAR) PALEMBANG,1
1540,POLITEKNIK PARIWISATA LOMBOK,1
1541,POLITEKNIK PARIWISATA NHI BANDUNG,1
1542,POLITEKNIK PELAYARAN BANTEN,1
1543,POLITEKNIK PELAYARAN BAROMBONG (POLTEKPEL BAROMBONG),1
1544,POLITEKNIK PENERBANGAN MAKASSAR (POLTEKBANG MKS),1
1545,POLITEKNIK PENERBANGAN SURABAYA,1
1546,POLITEKNIK PERKAPALAN NEGERI SURABAYA,1
1547,POLITEKNIK PERKERETAAPIAN INDONESIA MADIUN,1
1548,POLITEKNIK PERTANIAN NEGERI (POLITANI) PAYAKUMBUH,1
1549,POLITEKNIK PIKSI GANESHA BANDUNG,1
1550,POLITEKNIK STIA LAN JAKARTA,1
1551,POLITEKNIK TEKNOLOGI KIMIA INDUSTRI MEDAN,1
1552,PPKPTKK JAKARTA PUSAT,1
1553,PPKPTKK JAKARTA UTARA DAN KEPULAUAN SERIBU,1
1554,PRAKTISI TEKNOLOGI INFORMASI,1
1555,PRODUKTIVITAS NASIONAL,1
1556,PROFESI LAS,1
1557,PROFESIONAL DESA BUANA,1
1558,PROFESSIONAL GLOBAL TRAINER,1
1559,PROTEKSI KEBAKARAN,1
1560,PT FREEPORT INDONESIA,1
1561,PT KERETA API INDONESIA (PERSERO),1
1562,PT. LSP HALAL INDONESIA,1
1563,PTUK BNSP,1
1564,PUSAT PENDIDIKAN GEOMIGAS CEPU,1
1565,RETAIL INDONESIA,1
1566,SARANA KOMUNIKASI PRIMA INDONESIA,1
1567,SINARMAS MINING,1
1568,SLB KARTINI BATAM,1
1569,SMART FAST GLOBAL EDUCATION,1
1570,SMK AL HIDAYAH 1 JAKARTA,1
1571,SMK AL-BAHRI KOTA BEKASI,1
1572,SMK ANALIS KESEHATAN JEMBER,1
1573,SMK ANTARTIKA 2 SIDOARJO,1
1574,SMK ASSA'ADAH GRESIK,1
1575,SMK BAKTI INDONESIA MEDIKA,1
1576,SMK BHAKTI KARTINI,1
1577,SMK BHAKTI KENCANA SUBANG,1
1578,SMK BINA HUSADA MANDIRI,1
1579,SMK BINA KARYA 1 KARAWANG,1
1580,SMK BINA MANDIRI MULTIMEDIA,1
1581,SMK BINA NUSANTARA UNGARAN,1
1582,SMK BINA TARUNA JALANCAGAK,1
1583,SMK BINA WISATA LEMBANG,1
1584,SMK BUNDA SATRIA WANGON,1
1585,SMK CANDRA NAYA,1
1586,SMK CITRA NEGARA,1
1587,SMK DHARMA KARYA,1
1588,SMK DINAMIKA PEMBANGUNAN 2 JAKARTA,1
1589,SMK FARMASI KATOLIK BINA FARMA MADIUN,1
1590,SMK ISLAM JEPARA,1
1591,SMK ISLAM KEPANJEN,1
1592,SMK KARYA GUNA 1 BEKASI,1
1593,SMK KESEHATAN SAMARINDA,1
1594,SMK KRISTEN 5 KLATEN,1
1595,SMK MEDIA INFORMATIKA,1
1596,SMK MUHAMMADIYAH 1 AJIBARANG,1
1597,SMK MUHAMMADIYAH 1 BANTUL,1
1598,SMK MUHAMMADIYAH 2 PEKANBARU,1
1599,SMK MUHAMMADIYAH 3 PALEMBANG,1
1600,SMK MUHAMMADIYAH 3 SINGOSARI,1
1601,SMK N 1 BADEGAN,1
1602,SMK N 1 BANGIL,1
1603,SMK N 1 BLORA,1
1604,SMK N 1 GEMPOL PASURUAN,1
1605,SMK N 1 JABON SIDOARJO,1
1606,SMK N 1 KALIGONDANG,1
1607,SMK N 1 PASIR PENYU,1
1608,SMK N 1 PEKANBARU,1
1609,SMK N 1 PURWODADI,1
1610,SMK N 1 WANAREJA,1
1611,SMK N 1 WONOGIRI,1
1612,SMK N 2 JIWAN,1
1613,SMK N 3 KENDAL,1
1614,SMK N 3 PURWOREJO,1
1615,SMK N 7 SEMARANG,1
1616,SMK N 7 YOGYAKARTA,1
1617,SMK NEGERI 1 BULUKERTO,1
1618,SMK NEGERI 1 CERME GRESIK,1
1619,SMK NEGERI 1 DOMPU,1
1620,SMK NEGERI 1 JOMBANG,1
1621,SMK NEGERI 1 KABUPATEN SORONG,1
1622,SMK NEGERI 1 KOTA BEKASI,1
1623,SMK NEGERI 1 MOJOSONGO,1
1624,SMK NEGERI 1 PALOPO,1
1625,SMK NEGERI 1 PEMALANG,1
1626,SMK NEGERI 1 PRAYA TENGAH,1
1627,SMK NEGERI 2 JEPARA,1
1628,SMK NEGERI 2 MAGETAN,1
1629,SMK NEGERI 2 PRABUMULIH,1
1630,SMK NEGERI 3 KOTA BENGKULU,1
1631,SMK NEGERI 3 KUPANG,1
1632,SMK NEGERI 3 PAYAKUMBUH,1
1633,SMK NEGERI 37 JAKARTA,1
1634,SMK NEGERI 4 YOGYAKARTA,1
1635,SMK NEGERI 5 BANDAR LAMPUNG,1
1636,SMK NEGERI 6 JAKARTA,1
1637,SMK NEGERI 6 SURABAYA,1
1638,SMK NEGERI 8 JAKARTA,1
1639,SMK NEGERI NUSAWUNGU,1
1640,SMK NU GRESIK,1
1641,SMK NU KESESI,1
1642,SMK NU LAMONGAN,1
1643,SMK NUSANTARA 1 COMAL,1
1644,SMK PARIWISATA TRIATMA JAYA TABANAN,1
1645,SMK PENERBANGAN SIDOARJO,1
1646,SMK PGRI 1 GRESIK,1
1647,SMK PGRI 1 JOMBANG,1
1648,SMK PGRI 1 KEDIRI,1
1649,SMK PGRI 1 MEJAYAN,1
1650,SMK PGRI 1 MEJOBO KUDUS,1
1651,SMK PGRI 1 TULUNGAGUNG,1
1652,SMK PGRI 11 JAKARTA,1
1653,SMK PGRI 2 CIBINONG KABUPATEN BOGOR,1
1654,SMK PGRI 3 MALANG,1
1655,SMK PLUS NU SIDOARJO,1
1656,SMK PRIMA HUSADA KEDIRI,1
1657,SMK REMAJA PLUIT,1
1659,SMK SMTI BANDA ACEH,1
1660,SMK SMTI YOGYAKARTA,1
1661,SMK TELKOM SANDHY PUTRA,1
1662,SMK TRI MITRA,1
1663,SMK ULIL ALBAB,1
1664,SMK WAHIDIN CIREBON,1
1665,SMK WIDYA PRAJA UNGARAN,1
1666,SMK YASMU GRESIK,1
1667,SMK YOSONEGORO MAGETAN,1
1668,SMK YPM 1 TAMAN SIDOARJO,1
1669,SMK YPM 3 TAMAN SIDOARJO,1
1670,SMKN 1 AL-MUBARKEYA,1
1671,SMKN 1 AMPELGADING,1
1672,SMKN 1 BANDUNG TULUNGAGUNG,1
1673,SMKN 1 BANGKALAN,1
1674,SMKN 1 BANYUWANGI,1
1675,SMKN 1 BATAM,1
1676,SMKN 1 BENGALON,1
1677,SMKN 1 BOYOLALI,1
1678,SMKN 1 CIANJUR,1
1679,SMKN 1 CIHAMPELAS,1
1680,SMKN 1 CILACAP,1
1681,SMKN 1 CIPUNAGARA,1
1682,SMKN 1 EMPAT LAWANG,1
1683,SMKN 1 GUNUNGGURUH,1
1684,SMKN 1 JEMBER,1
1685,SMKN 1 KALIORANG,1
1686,SMKN 1 KALITENGAH KAB. LAMONGAN,1
1687,SMKN 1 KANDANGAN,1
1688,SMKN 1 KARANGANYAR,1
1689,SMKN 1 KEBUMEN,1
1690,SMKN 1 KECAMATAN LUAK,1
1691,SMKN 1 KEDAWUNG,1
1692,SMKN 1 KEJOBONG,1
1693,SMKN 1 KELAPA,1
1694,SMKN 1 KEMLAGI,1
1695,SMKN 1 KERSANA BREBES,1
1696,SMKN 1 LEMAHSUGIH,1
1697,SMKN 1 LINGSAR,1
1698,SMKN 1 LUBUK SIKAPING,1
1699,SMKN 1 MAGETAN,1
1700,SMKN 1 MANDAU,1
1701,SMKN 1 MARTAPURA,1
1702,SMKN 1 MEMPURA,1
1703,SMKN 1 MUARA WAHAU,1
1704,SMKN 1 NGASEM,1
1705,SMKN 1 PACET,1
1706,SMKN 1 PASURUAN,1
1707,SMKN 1 POLEWALI,1
1708,SMKN 1 PURWOKERTO,1
1709,SMKN 1 REMBANG,1
1710,SMKN 1 SAMBENG,1
1711,SMKN 1 SAWIT,1
1712,SMKN 1 SIDAYU,1
1713,SMKN 1 SINGGAHAN,1
1714,SMKN 1 SINTANG,1
1715,SMKN 1 SUBANG,1
1716,SMKN 1 SUKOHARJO,1
1717,SMKN 1 SUKOREJO,1
1718,SMKN 1 SURABAYA,1
1719,SMKN 1 TALAMAU,1
1720,SMKN 1 TANAH GROGOT,1
1721,SMKN 1 TILATANG KAMANG,1
1722,SMKN 1 TRENGGALEK,1
1723,SMKN 1 TUREN KAB MALANG,1
1724,SMKN 1 WONOASRI,1
1725,SMKN 1 WONOSOBO,1
1726,SMKN 12 SURABAYA,1
1727,SMKN 17 SAMARINDA,1
1728,SMKN 2 BANYUMAS,1
1729,SMKN 2 BOJONEGORO,1
1730,SMKN 2 BONDOWOSO,1
1731,SMKN 2 BOYOLANGU,1
1732,SMKN 2 CIKARANG BARAT,1
1733,SMKN 2 DUMAI,1
1734,SMKN 2 KANDANGAN,1
1735,SMKN 2 KAYUAGUNG,1
1736,SMKN 2 KEBUMEN,1
1737,SMKN 2 KENDAL,1
1738,SMKN 2 KETAPANG,1
1739,SMKN 2 KLATEN,1
1740,SMKN 2 KUNINGAN,1
1741,SMKN 2 MAGELANG,1
1742,SMKN 2 PAMEKASAN,1
1743,SMKN 2 PANDEGLANG,1
1744,SMKN 2 PEKANBARU,1
1745,SMKN 2 PENAJAM PASER UTARA,1
1746,SMKN 2 PONOROGO,1
1747,SMKN 2 SALATIGA,1
1748,SMKN 2 SUBANG,1
1749,SMKN 2 SUKOHARJO,1
1750,SMKN 2 TRENGGALEK,1
1751,SMKN 2 WONOGIRI,1
1752,SMKN 2 YOGYAKARTA,1
1753,SMKN 3 BOYOLANGU,1
1754,SMKN 3 JEMBER,1
1755,SMKN 3 MAUMERE,1
1756,SMKN 3 PALEMBANG,1
1757,SMKN 3 PEKALONGAN,1
1758,SMKN 3 PENAJAM PASER UTARA,1
1759,SMKN 3 SALATIGA,1
1760,SMKN 3 SURABAYA,1
1761,SMKN 4 BANDAR LAMPUNG,1
1762,SMKN 4 LUBUKLINGGAU,1
1763,SMKN 4 SEMARANG,1
1764,SMKN 4 SUKOHARJO,1
1765,SMKN 4 SURAKARTA,1
1766,SMKN 5 DENPASAR,1
1767,SMKN 5 MADIUN,1
1768,SMKN 5 SURABAYA,1
1769,SMKN 5 SURAKARTA,1
1770,SMKN 5 YOGYAKARTA,1
1771,SMKN 51 JAKARTA,1
1772,SMKN 6 PALEMBANG,1
1773,SMKN 6 YOGYAKARTA,1
1774,SMKN 62 JAKARTA,1
1775,SMKN 7 BANDUNG,1
1776,SMKN 7 JEMBER,1
1777,SMKN 7 KOTA BEKASI,1
1778,SMKN 7 PEKANBARU,1
1779,SMKN 7 SURAKARTA,1
1780,SMKN 8 PEKANBARU,1
1781,SMKN DARUL ULUM MUNCAR,1
1782,SMKN JUMO TEMANGUNG,1
1783,SMKN MANONJAYA,1
1784,SMKN MOJOAGUNG JOMBANG,1
1785,SMKN PERTANIAN TERPADU PROVINSI RIAU,1
1786,SMKN RAWAS ULU,1
1787,SMKN WINONGAN PASURUAN,1
1788,SMKS FARMASI CUT MEUTIA BANDA ACEH,1
1789,SMKS PANCASILA TAMBOLAKA,1
1790,SMKS PGRI 2 PASURUAN,1
1791,SMKS PGRI SUKABUMI,1
1792,SMKS PLUS PELITA NUSANTARA,1
1793,SPA TIRTA NIRWANA INDONESIA,1
1794,STIKI MALANG,1
1795,STMIK IKMI CIREBON,1
1796,TATA LINGKUNGAN INDUSTRI DAN PEMUKIMAN (LSP-TLIP),1
1797,"TATAKELOLA, RISIKO, DAN KEPATUHAN (TRK)",1
1798,TEKNIK TAMBANG PRIMA MANDIRI,1
1799,TEKNISI AKUNTANSI,1
1800,TEKNOLOGI INFORMASI DAN KOMUNIKASI GLOBAL,1
1801,TEKNOLOGI INFORMASI NUSANTARA,1
1802,TEKNOLOGI INFORMATIKA INDONESIA,1
1803,TEKSTIL DAN PRODUK TEKSTIL,1
1804,TELEKOMUNIKASI INFORMATIKA NUSANTARA,1
1805,TENAGA LABORATORIUM PENGUJI INDONESIA (TELAPI),1
1806,TENAGA TEKNIK INDONESIA,1
1807,TESTING NGARANG,1
1808,TIK INDONESIA,1
1809,TPCC,1
1810,TRAINER INDONESIA,1
1811,TRAINER KOMPETEN INDONESIA,1
1812,TRANSAFE DHARMA PERSADA,1
1813,TRIPUTRA PERSADA,1
1814,UMKM PROFESIONAL INDONESIA,1
1815,UNISMA BEKASI,1
1816,UNIVERSITAS AIRLANGGA,1
1817,UNIVERSITAS BUNG HATTA,1
1818,UNIVERSITAS GUNADARMA,1
1819,UNIVERSITAS HASANUDDIN,1
1820,UNIVERSITAS JENDERAL SOEDIRMAN (UNSOED),1
1821,UNIVERSITAS KIAI HAJI SAIFUDDIN ZUHRI PURWOKERTO,1
1822,UNIVERSITAS LAMPUNG,1
1823,UNIVERSITAS MERCU BUANA,1
1824,UNIVERSITAS MUHAMMADIYAH MALANG,1
1825,UNIVERSITAS MULTI DATA PALEMBANG,1
1826,UNIVERSITAS NAROTAMA,1
1827,UNIVERSITAS NEGERI MAKASSAR (UNM),1
1828,UNIVERSITAS NGUDI WALUYO,1
1829,UNIVERSITAS PANCASILA,1
1830,UNIVERSITAS PENDIDIKAN GANESHA (UNDIKSHA),1
1831,UNIVERSITAS PERTAHANAN REPUBLIK INDONESIA,1
1832,UNIVERSITAS PGRI ADI BUANA SURABAYA (UNIPASBY),1
1833,UNIVERSITAS SANGGA BUANA,1
1834,UNIVERSITAS SARJANAWIYATA TAMANSISWA (UST),1
1835,UNIVERSITAS SURABAYA,1
1836,UNIVERSITAS TEKNOLOGI MATARAM (UTM),1
1837,UNIVERSITAS UDAYANA,1
1838,UNIVERSITAS WARMADEWA,1
1839,UNIVERSITAS WIDYATAMA,1
1840,UPT PK WONOJATI,1
1841,USAHA MIKRO KECIL MENENGAH DAN WIRAUSAHA INDONESIA,1
1842,WISATA HASANAH INDONESIA,1
1843,LEMBAGA SERTIFIKASI KOMPETENSI PEKARYA KESEHATAN,1
1844,LEMBAGA SERTIFIKASI KOMPETENSI PENGOBAT TRADISIONAL RAMUAN INDONESIA,1
1845,LEMBAGA SERTIFIKASI KOMPETENSI MUSIK,1
1846,LEMBAGA SERTIFIKASI KOMPETENSI TEKNOLOGI INFORMASI DAN KOMUNIKASI,1
1847,LEMBAGA SERTIFIKASI KOMPETENSI TATA KECANTIKAN,1
1848,LEMBAGA SERTIFIKASI KOMPETENSI MASTER OF CEREMONY (LSK MC),1
1849,LEMBAGA SERTIFIKASI KOMPETENSI (LSK) BROADCASTING,1
1850,LEMBAGA SERTIFIKASI KOMPETENSI SEKRETARIS,1
1851,LEMBAGA SERTIFIKASI KOMPETENSI BATIK,1
1852,LEMBAGA SERTIFIKASI KOMPETENSI PITRA INDONESIA,1
1853,LEMBAGA SERTIFIKASI KOMPETENSI PENGASUH ANAK,1
1854,LEMBAGA SERTIFIKASI KOMPETENSI TATA RIAS PENGANTIN (LSK TRP),1
1855,LEMBAGA SERTIFIKASI KOMPETENSI OTOMOTIF TEKNIK SEPEDA MOTOR,1
1856,LEMBAGA SERTIFIKASI KOMPETENSI YOGA INDONESIA,1
1857,LEMBAGA SERTIFIKASI KOMPETENSI ELEKTRONIKA,1
1858,LEMBAGA SERTIFIKASI KOMPETENSI SPA,1
1859,LEMBAGA SERTIFIKASI KOMPETENSI BAHASA INGGRIS,1
1860,LEMBAGA SERTIFIKASI KOMPETENSI TATA BOGA,1
1861,LEMBAGA SERTIFIKASI KOMPETENSI PERHOTELAN DAN KAPAL PESIAR INDONESIA,1
1862,LEMBAGA SERTIFIKASI KOMPETENSI BORDIR DAN SULAM,1
1863,LEMBAGA SERTIFIKASI KOMPETENSI BARISTA,1
1864,LEMBAGA SERTIFIKASI KOMPETENSI TARI MODEREN INDONESIA,1
1865,LEMBAGA SERTIFIKASI KOMPETENSI OTOMOTIF TEKNIK KENDARAAN RINGAN,1
1866,LEMBAGA SERTIFIKASI KOMPETENSI HANTARAN,1
1867,LEMBAGA SERTIFIKASI KOMPETENSI PENDIDIK PAUD,1
1868,LEMBAGA SERTIFIKASI KOMPETENSI SENAM INDONESIA,1
1869,LEMBAGA SERTIFIKASI KOMPETENSI PIJAT REFLEKSI PERSATUAN INDONESIA,1
1870,LEMBAGA SERTIFIKASI KOMPETENSI DIGITAL TEKNOLOGI DAN BISNIS,1
1871,LEMBAGA SERTIFIKASI KOMPETENSI BAHASA MANDARIN,1
1872,LEMBAGA SERTIFIKASI KOMPETENSI PIJAT AKUPRESUR INDONESIA,1
1873,LEMBAGA SERTIFIKASI KOMPETENSI EKSPOR-IMPOR,1
1874,LEMBAGA SERTIFIKASI KOMPETENSI PENERBANGAN INDONESIA,1
1875,LEMBAGA SERTIFIKASI KOMPETENSI TATA BUSANA,1
1876,LEMBAGA SERTIFIKASI KOMPETENSI TEKNISI AKUNTANSI BOND 09,1
1877,LEMBAGA SERTIFIKASI KOMPETENSI MENGEMUDI KENDARAAN BERMOTOR,1
1878,LEMBAGA SERTIFIKASI KOMPETENSI PETAMAN,1
1879,LEMBAGA SERTIFIKASI KOMPETENSI PERPAJAKAN,1
1880,LEMBAGA SERTIFIKASI KOMPETENSI FOTOGRAFI INDONESIA,1
1881,LEMBAGA SERTIFIKASI KOMPETENSI SINSHE,1
1882,LEMBAGA SERTIFIKASI KOMPETENSI AUTOMASI INDUSTRI,1
1883,LEMBAGA SERTIFIKASI KOMPETENSI SENI MERANGKAI BUNGA DAN DESAIN FLORAL,1
1884,LEMBAGA SERTIFIKASI KOMPETENSI MERANGKAI BUNGA KERING DAN BUATAN (LSK MBKB),1
1885,LSK AKUPUNTUR INDONESIA,1
1886,ARSIP NASIONAL REPUBLIK INDONESIA,1
1887,BADAN INTELIJEN NEGARA,1
1888,BADAN KARANTINA INDONESIA,1
1889,BADAN KEPEGAWAIAN NEGARA,1
1890,BADAN KEPENDUDUKAN DAN KELUARGA BERENCANA NASIONAL,1
1891,"BADAN METEOROLOGI, KLIMATOLOGI DAN GEOFISIKA",1
1892,BADAN NARKOTIKA NASIONAL,1
1893,BADAN NASIONAL PENANGGULANGAN BENCANA,1
1894,BADAN NASIONAL PENCARIAN DAN PERTOLONGAN,1
1895,BADAN PANGAN NASIONAL,1
1896,BADAN PEMERIKSA KEUANGAN,1
1897,BADAN PENGAWAS PEMILIHAN UMUM,1
1898,BADAN PENGAWAS TENAGA NUKLIR,1
1899,BADAN PENGAWASAN KEUANGAN DAN PEMBANGUNAN,1
1900,BADAN PUSAT STATISTIK,1
1901,BADAN RISET DAN INOVASI NASIONAL,1
1902,BADAN STANDARDISASI NASIONAL,1
1903,KEJAKSAAN AGUNG,1
1904,KEMENTERIAN AGAMA,1
1905,KEMENTERIAN AGRARIA DAN TATA RUANG/BADAN PERTANAHAN NASIONAL,1
1906,KEMENTERIAN BADAN USAHA MILIK NEGARA,1
1907,KEMENTERIAN DALAM NEGERI,1
1908,KEMENTERIAN ENERGI DAN SUMBER DAYA MINERAL,1
1909,KEMENTERIAN HAK ASASI MANUSIA,1
1910,KEMENTERIAN HUKUM,1
1911,KEMENTERIAN IMIGRASI DAN PEMASYARAKATAN,1
1912,KEMENTERIAN INVESTASI/BADAN KOORDINASI PENANAMAN MODAL,1
1913,KEMENTERIAN KEBUDAYAAN,1
1914,KEMENTERIAN KETENAGAKERJAAN,1
1915,KEMENTERIAN KEUANGAN,1
1916,KEMENTERIAN KOMUNIKASI DAN DIGITAL,1
1917,KEMENTERIAN LUAR NEGERI,1
1918,KEMENTERIAN PARIWISATA DAN EKONOMI KREATIF/BADAN PARIWISATA DAN EKONOMI KREATIF,1
1919,KEMENTERIAN PEKERJAAN UMUM,1
1920,KEMENTERIAN PEMUDA DAN OLAHRAGA,1
1921,KEMENTERIAN PENDIDIKAN DASAR DAN MENENGAH,1
1922,"KEMENTERIAN PENDIDIKAN TINGGI, SAINS, DAN TEKNOLOGI",1
1923,KEMENTERIAN PERDAGANGAN,1
1924,KEMENTERIAN PERHUBUNGAN,1
1925,KEMENTERIAN PERINDUSTRIAN,1
1926,KEMENTERIAN PERTAHANAN,1
1927,KEMENTERIAN PERUMAHAN DAN KAWASAN PERMUKIMAN,1
1928,KEMENTERIAN SEKRETARIAT NEGARA,1
1929,KEPANITERAAN DAN SEKRETARIAT JENDERAL MAHKAMAH KONSTITUSI RI,1
1930,KOMISI PEMBERANTASAN KORUPSI,1
1931,LEMBAGA PERLINDUNGAN SAKSI DAN KORBAN,1
1932,MAHKAMAH AGUNG RI,1
1933,PERPUSTAKAAN NASIONAL RI,1
1934,PUSAT PELAPORAN DAN ANALISIS TRANSAKSI KEUANGAN,1
1935,SEKRETARIAT JENDERAL DPR RI,1
1936,SEKRETARIAT JENDERAL KOMISI YUDISIAL,1
1937,SETJEN KOMISI PEMILIHAN UMUM,1
1938,SETJEN KOMNAS HAM,1
1939,BADAN INFORMASI GEOSPASIAL,1
1940,BADAN PENGAWAS OBAT DAN MAKANAN,1
1941,BADAN PENYELENGGARA JAMINAN PRODUK HALAL,1
1943,KEMENTERIAN DESA DAN PEMBANGUNAN DAERAH TERTINGGAL,1
1944,KEMENTERIAN KEHUTANAN,1
1945,KEMENTERIAN KELAUTAN DAN PERIKANAN,1
1946,KEMENTERIAN KESEHATAN,1
1947,KEMENTERIAN KOPERASI,1
1948,KEMENTERIAN LINGKUNGAN HIDUP/BADAN PENGENDALIAN LINGKUNGAN HIDUP,1
1949,KEMENTERIAN PERENCANAAN PEMBANGUNAN NASIONAL/BAPPENAS,1
1950,KEMENTERIAN PERTANIAN,1
1951,KEMENTERIAN SOSIAL,1
1952,"KEMENTERIAN USAHA MIKRO, KECIL, DAN MENENGAH",1
1953,LEMBAGA ADMINISTRASI NEGARA,1
1954,LEMBAGA KEBIJAKAN PENGADAAN BARANG/JASA PEMERINTAH,1
